static const unsigned long relocations[][2]={
{0x3aa2c0,0x3aa2c0},
{0x3aa330,0xc9c25},
{0x3aa338,0xc0c1c},
{0x3aa3d8,0x3aa428},
{0x3aa3e0,0x1613c4},
{0x3aa3e8,0x16132c},
{0x3aa3f0,0x161330},
{0x3aa3f8,0x161354},
{0x3aa400,0x161364},
{0x3aa408,0x161368},
{0x3aa410,0x16136c},
{0x3aa418,0x16139c},
{0x3aa420,0x1613b8},
{0x3aa430,0xd9c41},
{0x3aa458,0xd9cad},
{0x3aa468,0x3aa4b8},
{0x3aa470,0x1613c4},
{0x3aa478,0x1613c8},
{0x3aa480,0x1613cc},
{0x3aa488,0x16140c},
{0x3aa490,0x16142c},
{0x3aa498,0x161430},
{0x3aa4a0,0x161434},
{0x3aa4a8,0x161488},
{0x3aa4b0,0x1614a4},
{0x3aa4c0,0xd9cbd},
{0x3aa4d8,0xd9d04},
{0x3aa508,0x3aa558},
{0x3aa510,0x1613c4},
{0x3aa518,0x1697fc},
{0x3aa520,0x169800},
{0x3aa528,0x169824},
{0x3aa530,0x169834},
{0x3aa538,0x169838},
{0x3aa540,0x16983c},
{0x3aa548,0x169854},
{0x3aa550,0x169870},
{0x3aa560,0xd9d32},
{0x3aa578,0xd9d92},
{0x3aa588,0x3aa5d8},
{0x3aa590,0x1613c4},
{0x3aa598,0x16987c},
{0x3aa5a0,0x169880},
{0x3aa5a8,0x1698c0},
{0x3aa5b0,0x1698e0},
{0x3aa5b8,0x1698e4},
{0x3aa5c0,0x1698e8},
{0x3aa5c8,0x169924},
{0x3aa5d0,0x169940},
{0x3aa5e0,0xd9dbb},
{0x3aa5f8,0xd9e1b},
{0x3aa608,0x3aa658},
{0x3aa610,0x1613c4},
{0x3aa618,0x16994c},
{0x3aa620,0x169950},
{0x3aa628,0x169990},
{0x3aa630,0x1699b0},
{0x3aa638,0x1699b4},
{0x3aa640,0x1699b8},
{0x3aa648,0x169ad4},
{0x3aa650,0x169af0},
{0x3aa660,0xd9e44},
{0x3aa678,0xd9ea4},
{0x3aa6a0,0x169eac},
{0x3aa6b0,0x169ee4},
{0x3aa6f0,0x16aaac},
{0x3aa6f8,0x16aae4},
{0x3aa700,0x16ab00},
{0x3aa720,0xd5e0c},
{0x3aa728,0xc159d},
{0x3aa738,0x3aa760},
{0x3aa740,0x16df08},
{0x3aa748,0x16dfa4},
{0x3aa750,0x16e048},
{0x3aa758,0x16e070},
{0x3aa768,0xda320},
{0x3aa808,0xcc1c0},
{0x3aa810,0xc2fe9},
{0x3aa818,0xcc20d},
{0x3aa820,0xc5dd2},
{0x3aa828,0xc7d1d},
{0x3aa830,0xc9d8e},
{0x3aa838,0xd7803},
{0x3aa840,0xc513c},
{0x3aa848,0xc9d9d},
{0x3aa850,0xce4a5},
{0x3aa858,0xd475a},
{0x3aa860,0xc87ac},
{0x3aa868,0xcb52d},
{0x3aa870,0xcc214},
{0x3aa878,0xd475a},
{0x3aa880,0xd3e52},
{0x3aa888,0xd4763},
{0x3aa890,0xc9da8},
{0x3aa898,0xc3007},
{0x3aa8a0,0xce4ae},
{0x3aa8a8,0xd8f4c},
{0x3aa8b0,0xd780a},
{0x3aa8b8,0xc47a6},
{0x3aa8c0,0xc5dec},
{0x3aa8c8,0xc3b0c},
{0x3aa8d0,0xd2c92},
{0x3aa8d8,0xd3e60},
{0x3aa8e0,0xc300c},
{0x3aa8e8,0xca807},
{0x3aa8f0,0xcb53e},
{0x3aa8f8,0xd3e60},
{0x3aa900,0xc168b},
{0x3aa908,0xcc223},
{0x3aa910,0xcd68a},
{0x3aa918,0xd3e60},
{0x3aa920,0xce4b8},
{0x3aa928,0xd3e70},
{0x3aa930,0xc87b5},
{0x3aa938,0xd3e60},
{0x3aa940,0xcc23c},
{0x3aa948,0xd4776},
{0x3aa950,0xd2c9d},
{0x3aa958,0xc9db9},
{0x3aa960,0xd6a56},
{0x3aa968,0xd55d4},
{0x3aa970,0xc87bd},
{0x3aa978,0xc87c7},
{0x3aa980,0xcc250},
{0x3aa988,0xd8400},
{0x3aa990,0xcb54c},
{0x3aa998,0xc87c7},
{0x3aa9a0,0xd21c3},
{0x3aa9a8,0xd3e7e},
{0x3aa9b0,0xc87d9},
{0x3aa9b8,0xc3029},
{0x3aa9c0,0xd5ecc},
{0x3aa9c8,0xc7c31},
{0x3aa9d0,0xd6a60},
{0x3aa9d8,0xd83b0},
{0x3aa9e0,0xc3036},
{0x3aa9e8,0xd5eef},
{0x3aa9f0,0xc47ae},
{0x3aa9f8,0xd83b0},
{0x3aaa00,0xc3036},
{0x3aaa08,0xc87e5},
{0x3aaa10,0xc303f},
{0x3aaa18,0xc879e},
{0x3aaa20,0xd3e3c},
{0x3aaa28,0xd2ca6},
{0x3aaa30,0xd21d2},
{0x3aaa38,0xd6a68},
{0x3aaa40,0xc9281},
{0x3aaa48,0xcfea6},
{0x3aaa50,0xcfeb6},
{0x3aaa58,0xc3044},
{0x3aaa60,0xc2375},
{0x3aaa68,0xc9290},
{0x3aaa70,0xd6a6f},
{0x3aaa78,0xc2384},
{0x3aaa80,0xc0ca0},
{0x3aaa88,0xc5df6},
{0x3aaa90,0xd0a86},
{0x3aaa98,0xccc05},
{0x3aaaa0,0xd4782},
{0x3aaaa8,0xc238a},
{0x3aaab0,0xcd694},
{0x3aaab8,0xcfec1},
{0x3aaac0,0xd7816},
{0x3aaac8,0xc929f},
{0x3aaad0,0xd8f5e},
{0x3aaad8,0xc1695},
{0x3aaae0,0xca829},
{0x3aaae8,0xd841f},
{0x3aaaf0,0xd2cb6},
{0x3aaaf8,0xc1695},
{0x3aab00,0xccc12},
{0x3aab08,0xcfed0},
{0x3aab10,0xd8f62},
{0x3aab18,0xc23ac},
{0x3aab20,0xc169d},
{0x3aab28,0xd7824},
{0x3aab30,0xc9dc3},
{0x3aab38,0xd8f6e},
{0x3aab40,0xc92ad},
{0x3aab48,0xc23b8},
{0x3aab50,0xc3b3b},
{0x3aab58,0xd8433},
{0x3aab60,0xccc21},
{0x3aab68,0xc16ac},
{0x3aab70,0xca850},
{0x3aab78,0xc16c1},
{0x3aab80,0xc3036},
{0x3aab88,0xd4791},
{0x3aab90,0xc5e1e},
{0x3aab98,0xca856},
{0x3aaba0,0xc3036},
{0x3aaba8,0xcf1ef},
{0x3aabb0,0xca867},
{0x3aabb8,0xd8438},
{0x3aabc0,0xc3036},
{0x3aabc8,0xccc35},
{0x3aabd0,0xcfede},
{0x3aabd8,0xcf206},
{0x3aabe0,0xcb559},
{0x3aabe8,0xd8449},
{0x3aabf0,0xc5159},
{0x3aabf8,0xccc4d},
{0x3aac00,0xc23d5},
{0x3aac08,0xd21dd},
{0x3aac10,0xca86d},
{0x3aac18,0xd5f0a},
{0x3aac20,0xc0caa},
{0x3aac28,0xd8f75},
{0x3aac30,0xca877},
{0x3aac38,0xcc25a},
{0x3aac40,0xd784a},
{0x3aac48,0xd8f85},
{0x3aac50,0xca880},
{0x3aac58,0xcc25a},
{0x3aac60,0xd787e},
{0x3aac68,0xd3ea5},
{0x3aac70,0xcfee2},
{0x3aac78,0xc5e24},
{0x3aac80,0xc23fe},
{0x3aac88,0xd55fe},
{0x3aac90,0xcfeee},
{0x3aac98,0xc9dd1},
{0x3aaca0,0xc6a91},
{0x3aaca8,0xc5166},
{0x3aacb0,0xcf20d},
{0x3aacb8,0xd8f95},
{0x3aacc0,0xc47b5},
{0x3aacc8,0xce4c1},
{0x3aacd0,0xc0c88},
{0x3aacd8,0xd5f0a},
{0x3aace0,0xcb57c},
{0x3aace8,0xd78b2},
{0x3aacf0,0xcb58f},
{0x3aacf8,0xd5f12},
{0x3aad00,0xd21ea},
{0x3aad08,0xd6a7a},
{0x3aad10,0xc5184},
{0x3aad18,0xc16d2},
{0x3aad20,0xd6a94},
{0x3aad28,0xd2cc3},
{0x3aad30,0xd0a95},
{0x3aad38,0xce4df},
{0x3aad40,0xd0a9f},
{0x3aad48,0xcd69f},
{0x3aad50,0xc5e3b},
{0x3aad58,0xc0cd2},
{0x3aad60,0xc304e},
{0x3aad68,0xcc13e},
{0x3aad70,0xca79a},
{0x3aad78,0xc5d54},
{0x3aad80,0xc0c78},
{0x3aad88,0xccb89},
{0x3aad90,0xd0a43},
{0x3aad98,0xd0a4f},
{0x3aada0,0xcc14a},
{0x3aada8,0xd5565},
{0x3aadb0,0xd3e41},
{0x3aadb8,0xc87f3},
{0x3aadc0,0xd0aa9},
{0x3aadc8,0xc3b4b},
{0x3aadd0,0xc92e3},
{0x3aadd8,0xcd6b2},
{0x3aade0,0xc87f6},
{0x3aade8,0xcd6b7},
{0x3aadf0,0xd6a99},
{0x3aadf8,0xd3eb4},
{0x3aae00,0xd5613},
{0x3aae08,0xcf218},
{0x3aae10,0xd3eb7},
{0x3aae18,0xd8f9b},
{0x3aae20,0xc6bcb},
{0x3aae28,0xc7d5f},
{0x3aae30,0xd8459},
{0x3aae38,0xc2412},
{0x3aae40,0xd8fa1},
{0x3aae48,0xd2ce2},
{0x3aae50,0xd0aae},
{0x3aae58,0xd2ce7},
{0x3aae60,0xcf21d},
{0x3aae68,0xccc5e},
{0x3aae70,0xc0c1c},
{0x3aae78,0xc5191},
{0x3aae80,0xc9c25},
{0x3aae88,0xd6a9e},
{0x3aae90,0xc1701},
{0x3aae98,0xd0ab3},
{0x3aaea0,0xcfefb},
{0x3aaea8,0xccc63},
{0x3aaeb0,0xc3bb4},
{0x3aaeb8,0xca88f},
{0x3aaec0,0xcb692},
{0x3aaec8,0xca78f},
{0x3aaed0,0xc7d64},
{0x3aaed8,0xd47aa},
{0x3aaee0,0xca893},
{0x3aaee8,0xd47af},
{0x3aaef0,0xc3125},
{0x3aaef8,0xc1706},
{0x3aaf00,0xcf1c9},
{0x3aaf08,0xd2cec},
{0x3aaf10,0xcc01e},
{0x3aaf18,0xc312a},
{0x3aaf20,0xcc01e},
{0x3aaf28,0xcb696},
{0x3aaf30,0xcc01e},
{0x3aaf38,0xd5f2b},
{0x3aaf40,0xcc01e},
{0x3aaf48,0xc9dde},
{0x3aaf50,0xccafb},
{0x3aaf58,0xd0ab9},
{0x3aaf60,0xccafb},
{0x3aaf68,0xcc26d},
{0x3aaf70,0xccafb},
{0x3aaf78,0xc5ef7},
{0x3aaf80,0xccafb},
{0x3aaf88,0xc5efc},
{0x3aaf90,0xccafb},
{0x3aaf98,0xd3ebc},
{0x3aafa0,0xc9187},
{0x3aafa8,0xcff00},
{0x3aafb0,0xd6941},
{0x3aafb8,0xc87fb},
{0x3aafc0,0xcf112},
{0x3aafc8,0xca897},
{0x3aafd0,0xcc01a},
{0x3aafd8,0xc7d69},
{0x3aafe0,0xd827e},
{0x3aafe8,0xc0ce0},
{0x3aaff0,0xd827e},
{0x3aaff8,0xcff05},
{0x3ab000,0xd827e},
{0x3ab008,0xd47b4},
{0x3ab010,0xd20c1},
{0x3ab018,0xd6aa3},
{0x3ab020,0xcd492},
{0x3ab028,0xc5f00},
{0x3ab030,0xc5073},
{0x3ab038,0xd6aa7},
{0x3ab040,0xd2b6e},
{0x3ab048,0xccc68},
{0x3ab050,0xcf116},
{0x3ab058,0xd2cf1},
{0x3ab060,0xcf116},
{0x3ab068,0xd6aac},
{0x3ab070,0xcf116},
{0x3ab078,0xc5197},
{0x3ab080,0xcf116},
{0x3ab088,0xc93f5},
{0x3ab090,0xc1547},
{0x3ab098,0xcff0a},
{0x3ab0a0,0xc1547},
{0x3ab0a8,0xd845e},
{0x3ab0b0,0xc1547},
{0x3ab0b8,0xc93fa},
{0x3ab0c0,0xc5bf7},
{0x3ab0c8,0xc8800},
{0x3ab0d0,0xc5bf7},
{0x3ab0d8,0xc170b},
{0x3ab0e0,0xc5bf7},
{0x3ab0e8,0xd78e3},
{0x3ab0f0,0xc5bf7},
{0x3ab0f8,0xc0ce5},
{0x3ab100,0xc69a9},
{0x3ab108,0xc2417},
{0x3ab110,0xd8d98},
{0x3ab118,0xd5f31},
{0x3ab120,0xc39e1},
{0x3ab128,0xc3bbb},
{0x3ab130,0xce375},
{0x3ab138,0xc0cea},
{0x3ab140,0xce375},
{0x3ab148,0xc7d6d},
{0x3ab150,0xd2b77},
{0x3ab158,0xcd6bd},
{0x3ab160,0xd2b77},
{0x3ab168,0xccc6d},
{0x3ab170,0xc2236},
{0x3ab178,0xd6ab1},
{0x3ab180,0xc2236},
{0x3ab188,0xc241c},
{0x3ab190,0xca6f7},
{0x3ab198,0xd78e8},
{0x3ab1a0,0xc9c5d},
{0x3ab1a8,0xc6bd0},
{0x3ab1b0,0xc9c5d},
{0x3ab1b8,0xcb69b},
{0x3ab1c0,0xc9c5d},
{0x3ab4d0,0x1bae9c},
{0x3ab4d8,0x1baf28},
{0x3ab4e0,0x1bafa0},
{0x3ab4e8,0x1bafd4},
{0x3ab4f0,0x1bb020},
{0x3ab4f8,0x1bb028},
{0x3ab500,0x1bb044},
{0x3ab560,0x1bb30c},
{0x3ab570,0x1bb318},
{0x3ab5b0,0x1bb364},
{0x3ab5c0,0x1bb370},
{0x3ab600,0x1bb524},
{0x3ab610,0x1bb530},
{0x3ab650,0x1bb57c},
{0x3ab660,0x1bb588},
{0x3ab6a0,0x1bb5d4},
{0x3ab6b0,0x1bb5e0},
{0x3ab6f0,0x1bb62c},
{0x3ab700,0x1bb638},
{0x3ab740,0x1bc2fc},
{0x3ab750,0x1bc308},
{0x3ab790,0x1bc354},
{0x3ab7a0,0x1bc360},
{0x3ab7c8,0x3ab818},
{0x3ab7d0,0x1bc364},
{0x3ab7d8,0x1bc368},
{0x3ab7e0,0x1bc36c},
{0x3ab7e8,0x1bc3a0},
{0x3ab7f0,0x1bc3b4},
{0x3ab7f8,0x1bc3b8},
{0x3ab800,0x1bc3bc},
{0x3ab808,0x1bc3d0},
{0x3ab810,0x1bc3ec},
{0x3ab820,0xdb3e3},
{0x3ab848,0xdb493},
{0x3ab858,0x3ab8a8},
{0x3ab860,0x1613c4},
{0x3ab868,0x1bcc24},
{0x3ab870,0x1bcc28},
{0x3ab878,0x1bcc60},
{0x3ab880,0x1bcc78},
{0x3ab888,0x1bcc7c},
{0x3ab890,0x1bcc80},
{0x3ab898,0x1bce28},
{0x3ab8a0,0x1bce44},
{0x3ab8b0,0xdb4ce},
{0x3ab8c8,0xdb562},
{0x3ab8f0,0x1bceb8},
{0x3ab8f8,0x1bcf4c},
{0x3ab900,0x1bcfa4},
{0x3ab908,0x1bcfb8},
{0x3ab910,0x1bcfec},
{0x3ab918,0x1bd010},
{0x3ab920,0x1bd02c},
{0x3ab988,0x3ab9d8},
{0x3ab990,0x1bd1c0},
{0x3ab998,0x1bd1c4},
{0x3ab9a0,0x1bd1c8},
{0x3ab9a8,0x1bd200},
{0x3ab9b0,0x1bd218},
{0x3ab9b8,0x1bd21c},
{0x3ab9c0,0x1bd220},
{0x3ab9c8,0x1bd250},
{0x3ab9d0,0x1bd26c},
{0x3ab9e0,0xdb749},
{0x3aba08,0xdb85a},
{0x3abc20,0x1c2aa8},
{0x3abc30,0x1c2ab4},
{0x3abc60,0x1c2ab8},
{0x3abc70,0x1c2ac0},
{0x3abc78,0x1c2b04},
{0x3abc80,0x1c2b28},
{0x3abc88,0x1c2b2c},
{0x3abc90,0x1c2b30},
{0x3abc98,0x1c2ba8},
{0x3abca0,0x1c2bc4},
{0x3abcf0,0x3abd40},
{0x3abcf8,0x1c2d3c},
{0x3abd00,0x1c2de4},
{0x3abd08,0x1c2e8c},
{0x3abd10,0x1c2f50},
{0x3abd18,0x1c2ff4},
{0x3abd20,0x1c3090},
{0x3abd28,0x1c312c},
{0x3abd30,0x1c32d8},
{0x3abd38,0x1c32f4},
{0x3abd48,0xdba61},
{0x3abd60,0x3abdb0},
{0x3abd68,0x1c3300},
{0x3abd70,0x1c335c},
{0x3abd78,0x1c33b8},
{0x3abd80,0x1c340c},
{0x3abd88,0x1c3444},
{0x3abd90,0x1c3494},
{0x3abd98,0x1c34e4},
{0x3abda0,0x1c34f4},
{0x3abda8,0x1c3510},
{0x3abdb8,0xdbb4d},
{0x3abdd0,0xdbc3c},
{0x3abde0,0xdbd06},
{0x3abe08,0x1c3578},
{0x3abe18,0x1c3584},
{0x3abe48,0x1613c4},
{0x3abe58,0x1c3818},
{0x3abe60,0x1c385c},
{0x3abe68,0x1c3880},
{0x3abe70,0x1c3884},
{0x3abe78,0x1c3888},
{0x3abe80,0x1c38a4},
{0x3abe88,0x1c38c0},
{0x3abef0,0x3abf40},
{0x3abef8,0x1613c4},
{0x3abf00,0x1c38e0},
{0x3abf08,0x1c38e4},
{0x3abf10,0x1c3918},
{0x3abf18,0x1c392c},
{0x3abf20,0x1c3930},
{0x3abf28,0x1c3934},
{0x3abf30,0x1c3964},
{0x3abf38,0x1c3980},
{0x3abf48,0xdbf0b},
{0x3abf60,0xdbff7},
{0x3abf70,0x3abfc0},
{0x3abf78,0x1613c4},
{0x3abf80,0x1c398c},
{0x3abf88,0x1c3990},
{0x3abf90,0x1c39c4},
{0x3abf98,0x1c39d8},
{0x3abfa0,0x1c39dc},
{0x3abfa8,0x1c39e0},
{0x3abfb0,0x1c39f8},
{0x3abfb8,0x1c3a14},
{0x3abfc8,0xdc0c1},
{0x3abfe0,0xdc1ad},
{0x3abff0,0x3ac040},
{0x3abff8,0x1613c4},
{0x3ac000,0x1c3a20},
{0x3ac008,0x1c3a24},
{0x3ac010,0x1c3a5c},
{0x3ac018,0x1c3a74},
{0x3ac020,0x1c3a78},
{0x3ac028,0x1c3a7c},
{0x3ac030,0x1c3d7c},
{0x3ac038,0x1c3d98},
{0x3ac048,0xdc277},
{0x3ac060,0x3ac0b0},
{0x3ac068,0x1613c4},
{0x3ac070,0x1c3da4},
{0x3ac078,0x1c3da8},
{0x3ac080,0x1c3ddc},
{0x3ac088,0x1c3df0},
{0x3ac090,0x1c3df4},
{0x3ac098,0x1c3df8},
{0x3ac0a0,0x1c3e38},
{0x3ac0a8,0x1c3e54},
{0x3ac0b8,0xdc363},
{0x3ac0d0,0xdc44f},
{0x3ac0e0,0xdc519},
{0x3ac0f8,0x1c3e74},
{0x3ac108,0x1c3e7c},
{0x3ac110,0x1c3ec0},
{0x3ac118,0x1c3ee4},
{0x3ac120,0x1c3ee8},
{0x3ac128,0x1c3eec},
{0x3ac130,0x1c3f08},
{0x3ac138,0x1c3f24},
{0x3ac1b0,0x3ac200},
{0x3ac1b8,0x1613c4},
{0x3ac1c0,0x1c3f30},
{0x3ac1c8,0x1c3f34},
{0x3ac1d0,0x1c3f68},
{0x3ac1d8,0x1c3f7c},
{0x3ac1e0,0x1c3f80},
{0x3ac1e8,0x1c3f84},
{0x3ac1f0,0x1c3f9c},
{0x3ac1f8,0x1c3fb8},
{0x3ac208,0xdc7ab},
{0x3ac220,0xdc801},
{0x3ac230,0x3ac280},
{0x3ac238,0x1613c4},
{0x3ac240,0x1c4124},
{0x3ac248,0x1c4128},
{0x3ac250,0x1c4160},
{0x3ac258,0x1c4178},
{0x3ac260,0x1c417c},
{0x3ac268,0x1c4180},
{0x3ac270,0x1c41d8},
{0x3ac278,0x1c41f4},
{0x3ac288,0xdc820},
{0x3ac2a0,0xdc876},
{0x3ac2b0,0x3ac300},
{0x3ac2b8,0x1c4200},
{0x3ac2c0,0x1c4240},
{0x3ac2c8,0x1c4298},
{0x3ac2d0,0x1c4328},
{0x3ac2d8,0x1c43a8},
{0x3ac2e0,0x1c43dc},
{0x3ac2e8,0x1c4428},
{0x3ac2f0,0x1c4460},
{0x3ac2f8,0x1c447c},
{0x3ac308,0xdc895},
{0x3ac320,0xdc8eb},
{0x3ac440,0x1c5bd0},
{0x3ac450,0x1c5bdc},
{0x3ac478,0x3ac4c8},
{0x3ac480,0x1613c4},
{0x3ac488,0x1c5be0},
{0x3ac490,0x1c5be4},
{0x3ac498,0x1c5c18},
{0x3ac4a0,0x1c5c2c},
{0x3ac4a8,0x1c5c30},
{0x3ac4b0,0x1c5c34},
{0x3ac4b8,0x1c5c60},
{0x3ac4c0,0x1c5c7c},
{0x3ac4d0,0xdc96a},
{0x3ac4e8,0xdca02},
{0x3ac4f8,0x3ac548},
{0x3ac500,0x1613c4},
{0x3ac508,0x1c5c88},
{0x3ac510,0x1c5c8c},
{0x3ac518,0x1c5cc0},
{0x3ac520,0x1c5cd4},
{0x3ac528,0x1c5cd8},
{0x3ac530,0x1c5cdc},
{0x3ac538,0x1c5cf4},
{0x3ac540,0x1c5d10},
{0x3ac550,0xdca6a},
{0x3ac568,0xdcb02},
{0x3ac578,0x3ac5c8},
{0x3ac580,0x1c5d1c},
{0x3ac588,0x1c5d5c},
{0x3ac590,0x1c5db4},
{0x3ac598,0x1c5e44},
{0x3ac5a0,0x1c5ec4},
{0x3ac5a8,0x1c5ef8},
{0x3ac5b0,0x1c5f44},
{0x3ac5b8,0x1c5f84},
{0x3ac5c0,0x1c5fa0},
{0x3ac5d0,0xdcb6a},
{0x3ac5e8,0xdcc01},
{0x3ac5f8,0x3ac648},
{0x3ac600,0x1613c4},
{0x3ac608,0x1c5fac},
{0x3ac610,0x1c5fb0},
{0x3ac618,0x1c5fe4},
{0x3ac620,0x1c5ff8},
{0x3ac628,0x1c5ffc},
{0x3ac630,0x1c6000},
{0x3ac638,0x1c6018},
{0x3ac640,0x1c6034},
{0x3ac650,0xdcc69},
{0x3ac668,0xdcd01},
{0x3ac788,0x1cad10},
{0x3ac798,0x1cad1c},
{0x3ac9c8,0x1cd310},
{0x3ac9d0,0x1cd370},
{0x3ac9d8,0x1cd3b4},
{0x3ac9e0,0x1cd404},
{0x3ac9e8,0x1cd454},
{0x3ac9f0,0x1cd45c},
{0x3ac9f8,0x1cd478},
{0x3aca38,0x1613c4},
{0x3aca48,0x1cd5d0},
{0x3aca50,0x1cd60c},
{0x3aca58,0x1cd628},
{0x3aca60,0x1cd62c},
{0x3aca68,0x1cd630},
{0x3aca70,0x1cd6a8},
{0x3aca78,0x1cd6c4},
{0x3acab8,0x1613c4},
{0x3acac8,0x1cd6d4},
{0x3acad0,0x1cd70c},
{0x3acad8,0x1cd724},
{0x3acae0,0x1cd728},
{0x3acae8,0x1cd72c},
{0x3acaf0,0x1cd744},
{0x3acaf8,0x1cd760},
{0x3acb48,0x1cd7d8},
{0x3acb50,0x1cd874},
{0x3acb58,0x1cd914},
{0x3acb60,0x1cd92c},
{0x3acb68,0x1cd960},
{0x3acb70,0x1cd968},
{0x3acb78,0x1cd984},
{0x3acbc8,0x1cdb60},
{0x3acbd0,0x1cdbfc},
{0x3acbd8,0x1cdc9c},
{0x3acbe0,0x1cdcb4},
{0x3acbe8,0x1cdce8},
{0x3acbf0,0x1cdcf0},
{0x3acbf8,0x1cdd0c},
{0x3acc30,0x3acc80},
{0x3acc38,0x1c2ab8},
{0x3acc40,0x1ce374},
{0x3acc48,0x1ce378},
{0x3acc50,0x1ce3ac},
{0x3acc58,0x1ce3c0},
{0x3acc60,0x1ce3c4},
{0x3acc68,0x1ce3c8},
{0x3acc70,0x1ce4f8},
{0x3acc78,0x1ce514},
{0x3acc88,0xdd40f},
{0x3acca0,0xdd48d},
{0x3accb8,0x1613c4},
{0x3accc8,0x1ce68c},
{0x3accd0,0x1ce6d0},
{0x3accd8,0x1ce6f4},
{0x3acce0,0x1ce6f8},
{0x3acce8,0x1ce6fc},
{0x3accf0,0x1ce718},
{0x3accf8,0x1ce734},
{0x3acd78,0x1ce788},
{0x3acd88,0x1ce794},
{0x3acfb8,0x1d0ef0},
{0x3acfc0,0x1d0f50},
{0x3acfc8,0x1d0f94},
{0x3acfd0,0x1d0fe4},
{0x3acfd8,0x1d1034},
{0x3acfe0,0x1d103c},
{0x3acfe8,0x1d1058},
{0x3ad028,0x1613c4},
{0x3ad038,0x1d119c},
{0x3ad040,0x1d11d8},
{0x3ad048,0x1d11f4},
{0x3ad050,0x1d11f8},
{0x3ad058,0x1d11fc},
{0x3ad060,0x1d128c},
{0x3ad068,0x1d12a8},
{0x3ad0a8,0x1613c4},
{0x3ad0b8,0x1d12b8},
{0x3ad0c0,0x1d12f0},
{0x3ad0c8,0x1d1308},
{0x3ad0d0,0x1d130c},
{0x3ad0d8,0x1d1310},
{0x3ad0e0,0x1d1328},
{0x3ad0e8,0x1d1344},
{0x3ad138,0x1d13bc},
{0x3ad140,0x1d1458},
{0x3ad148,0x1d14f8},
{0x3ad150,0x1d1510},
{0x3ad158,0x1d1544},
{0x3ad160,0x1d154c},
{0x3ad168,0x1d1568},
{0x3ad1b8,0x1d174c},
{0x3ad1c0,0x1d17e8},
{0x3ad1c8,0x1d1888},
{0x3ad1d0,0x1d18a0},
{0x3ad1d8,0x1d18d4},
{0x3ad1e0,0x1d18dc},
{0x3ad1e8,0x1d18f8},
{0x3ad228,0x1613c4},
{0x3ad238,0x1d1e98},
{0x3ad240,0x1d1edc},
{0x3ad248,0x1d1f00},
{0x3ad250,0x1d1f04},
{0x3ad258,0x1d1f08},
{0x3ad260,0x1d1f24},
{0x3ad268,0x1d1f40},
{0x3ad2d0,0x3ad320},
{0x3ad2d8,0x1613c4},
{0x3ad2e0,0x1d221c},
{0x3ad2e8,0x1d2220},
{0x3ad2f0,0x1d2258},
{0x3ad2f8,0x1d2270},
{0x3ad300,0x1d2274},
{0x3ad308,0x1d2278},
{0x3ad310,0x1d23ac},
{0x3ad318,0x1d23c8},
{0x3ad328,0xdde71},
{0x3ad340,0xdded6},
{0x3ad350,0x3ad3a0},
{0x3ad358,0x1613c4},
{0x3ad360,0x1d23d4},
{0x3ad368,0x1d23d8},
{0x3ad370,0x1d2410},
{0x3ad378,0x1d2428},
{0x3ad380,0x1d242c},
{0x3ad388,0x1d2430},
{0x3ad390,0x1d2504},
{0x3ad398,0x1d2520},
{0x3ad3a8,0xddf04},
{0x3ad3c0,0xddf69},
{0x3ad4d0,0x3ad520},
{0x3ad4d8,0x1613c4},
{0x3ad4e0,0x1d3a78},
{0x3ad4e8,0x1d3a7c},
{0x3ad4f0,0x1d3ab0},
{0x3ad4f8,0x1d3ac4},
{0x3ad500,0x1d3ac8},
{0x3ad508,0x1d3acc},
{0x3ad510,0x1d3ae4},
{0x3ad518,0x1d3b00},
{0x3ad528,0xddfaf},
{0x3ad540,0xde013},
{0x3ad550,0x3ad5a0},
{0x3ad558,0x1d3b0c},
{0x3ad560,0x1d3bb4},
{0x3ad568,0x1d3c5c},
{0x3ad570,0x1d3d10},
{0x3ad578,0x1d3da4},
{0x3ad580,0x1d3e40},
{0x3ad588,0x1d3edc},
{0x3ad590,0x1d4088},
{0x3ad598,0x1d40a4},
{0x3ad5a8,0xde040},
{0x3ad5c0,0x3ad610},
{0x3ad5c8,0x1d40b0},
{0x3ad5d0,0x1d410c},
{0x3ad5d8,0x1d4168},
{0x3ad5e0,0x1d41bc},
{0x3ad5e8,0x1d41f4},
{0x3ad5f0,0x1d4244},
{0x3ad5f8,0x1d4294},
{0x3ad600,0x1d42a4},
{0x3ad608,0x1d42c0},
{0x3ad618,0xde117},
{0x3ad630,0xde1f2},
{0x3ad640,0xde2a5},
{0x3ad768,0x1d61ac},
{0x3ad778,0x1d61b8},
{0x3ad7a0,0x3ad7f0},
{0x3ad7a8,0x1d6318},
{0x3ad7b0,0x1d6374},
{0x3ad7b8,0x1d63d0},
{0x3ad7c0,0x1d6424},
{0x3ad7c8,0x1d645c},
{0x3ad7d0,0x1d64ac},
{0x3ad7d8,0x1d64fc},
{0x3ad7e0,0x1d65d8},
{0x3ad7e8,0x1d65f4},
{0x3ad7f8,0xde3bf},
{0x3ad810,0xde42a},
{0x3ad820,0x3ad870},
{0x3ad828,0x1d6600},
{0x3ad830,0x1d665c},
{0x3ad838,0x1d66b8},
{0x3ad840,0x1d670c},
{0x3ad848,0x1d6744},
{0x3ad850,0x1d6794},
{0x3ad858,0x1d67e4},
{0x3ad860,0x1d68b4},
{0x3ad868,0x1d68d0},
{0x3ad878,0xde45e},
{0x3ad890,0xde4c9},
{0x3ad8b8,0x1d6924},
{0x3ad8c8,0x1d6930},
{0x3adaf8,0x1d90d0},
{0x3adb00,0x1d9130},
{0x3adb08,0x1d9174},
{0x3adb10,0x1d91c4},
{0x3adb18,0x1d9214},
{0x3adb20,0x1d921c},
{0x3adb28,0x1d9238},
{0x3adb68,0x1613c4},
{0x3adb78,0x1d937c},
{0x3adb80,0x1d93b8},
{0x3adb88,0x1d93d4},
{0x3adb90,0x1d93d8},
{0x3adb98,0x1d93dc},
{0x3adba0,0x1d9474},
{0x3adba8,0x1d9490},
{0x3adbe8,0x1613c4},
{0x3adbf8,0x1d94a0},
{0x3adc00,0x1d94d8},
{0x3adc08,0x1d94f0},
{0x3adc10,0x1d94f4},
{0x3adc18,0x1d94f8},
{0x3adc20,0x1d9510},
{0x3adc28,0x1d952c},
{0x3adc78,0x1d95a4},
{0x3adc80,0x1d9640},
{0x3adc88,0x1d96e0},
{0x3adc90,0x1d96f8},
{0x3adc98,0x1d972c},
{0x3adca0,0x1d9734},
{0x3adca8,0x1d9750},
{0x3adcf8,0x1d993c},
{0x3add00,0x1d99d8},
{0x3add08,0x1d9a78},
{0x3add10,0x1d9a90},
{0x3add18,0x1d9ac4},
{0x3add20,0x1d9acc},
{0x3add28,0x1d9ae8},
{0x3add60,0x3addb0},
{0x3add68,0x1da078},
{0x3add70,0x1da0d4},
{0x3add78,0x1da130},
{0x3add80,0x1da188},
{0x3add88,0x1da1c4},
{0x3add90,0x1da214},
{0x3add98,0x1da264},
{0x3adda0,0x1da720},
{0x3adda8,0x1da73c},
{0x3addb8,0xdec56},
{0x3addd0,0x3ade20},
{0x3addd8,0x1613c4},
{0x3adde0,0x1da960},
{0x3adde8,0x1da964},
{0x3addf0,0x1da988},
{0x3addf8,0x1da998},
{0x3ade00,0x1da99c},
{0x3ade08,0x1da9a0},
{0x3ade10,0x1da9a4},
{0x3ade18,0x1da9c0},
{0x3ade28,0xdecc1},
{0x3ade40,0xded39},
{0x3ade50,0xded7a},
{0x3ade68,0x1613c4},
{0x3ade78,0x1dab38},
{0x3ade80,0x1dab7c},
{0x3ade88,0x1daba0},
{0x3ade90,0x1daba4},
{0x3ade98,0x1daba8},
{0x3adea0,0x1dabc4},
{0x3adea8,0x1dabe0},
{0x3adf10,0x3adf60},
{0x3adf18,0x1daeb0},
{0x3adf20,0x1daf4c},
{0x3adf28,0x1dafd8},
{0x3adf30,0x1db054},
{0x3adf38,0x1db0c4},
{0x3adf40,0x1db154},
{0x3adf48,0x1db1d4},
{0x3adf50,0x1db7c4},
{0x3adf58,0x1db7e0},
{0x3adf68,0xdeedd},
{0x3adf80,0x3adfd0},
{0x3adf88,0x1613c4},
{0x3adf90,0x1db7ec},
{0x3adf98,0x1db7f0},
{0x3adfa0,0x1db814},
{0x3adfa8,0x1db824},
{0x3adfb0,0x1db828},
{0x3adfb8,0x1db82c},
{0x3adfc0,0x1db830},
{0x3adfc8,0x1db84c},
{0x3adfd8,0xdef48},
{0x3adff0,0xdefc0},
{0x3ae000,0xdf001},
{0x3ae110,0x3ae160},
{0x3ae118,0x1dcd00},
{0x3ae120,0x1dcd5c},
{0x3ae128,0x1dcdb8},
{0x3ae130,0x1dce0c},
{0x3ae138,0x1dce44},
{0x3ae140,0x1dce94},
{0x3ae148,0x1dcee4},
{0x3ae150,0x1dcfd0},
{0x3ae158,0x1dcfec},
{0x3ae168,0xdf052},
{0x3ae180,0xdf0bb},
{0x3ae190,0x3ae1e0},
{0x3ae198,0x1dcff8},
{0x3ae1a0,0x1dd054},
{0x3ae1a8,0x1dd0b0},
{0x3ae1b0,0x1dd104},
{0x3ae1b8,0x1dd13c},
{0x3ae1c0,0x1dd18c},
{0x3ae1c8,0x1dd1dc},
{0x3ae1d0,0x1dd2bc},
{0x3ae1d8,0x1dd2d8},
{0x3ae1e8,0xdf0ed},
{0x3ae200,0xdf156},
{0x3ae210,0x3ae260},
{0x3ae218,0x1dd420},
{0x3ae220,0x1dd47c},
{0x3ae228,0x1dd4d8},
{0x3ae230,0x1dd534},
{0x3ae238,0x1dd584},
{0x3ae240,0x1dd5d4},
{0x3ae248,0x1dd624},
{0x3ae250,0x1dd720},
{0x3ae258,0x1dd73c},
{0x3ae268,0xdf188},
{0x3ae280,0xdf1f1},
{0x3ae290,0x3ae2e0},
{0x3ae298,0x1dd748},
{0x3ae2a0,0x1dd7a4},
{0x3ae2a8,0x1dd800},
{0x3ae2b0,0x1dd854},
{0x3ae2b8,0x1dd88c},
{0x3ae2c0,0x1dd8dc},
{0x3ae2c8,0x1dd92c},
{0x3ae2d0,0x1dd9fc},
{0x3ae2d8,0x1dda18},
{0x3ae2e8,0xdf223},
{0x3ae300,0xdf28c},
{0x3ae310,0x3ae360},
{0x3ae318,0x1ddb60},
{0x3ae320,0x1ddbbc},
{0x3ae328,0x1ddc18},
{0x3ae330,0x1ddc74},
{0x3ae338,0x1ddcc4},
{0x3ae340,0x1ddd14},
{0x3ae348,0x1ddd64},
{0x3ae350,0x1dde70},
{0x3ae358,0x1dde8c},
{0x3ae368,0xdf2be},
{0x3ae380,0xdf327},
{0x3ae490,0x3ae4e0},
{0x3ae498,0x1e1224},
{0x3ae4a0,0x1e1280},
{0x3ae4a8,0x1e12dc},
{0x3ae4b0,0x1e1330},
{0x3ae4b8,0x1e1368},
{0x3ae4c0,0x1e13b8},
{0x3ae4c8,0x1e1408},
{0x3ae4d0,0x1e14f4},
{0x3ae4d8,0x1e1510},
{0x3ae4e8,0xdf37a},
{0x3ae500,0xdf3e7},
{0x3ae510,0x3ae560},
{0x3ae518,0x1e151c},
{0x3ae520,0x1e1578},
{0x3ae528,0x1e15d4},
{0x3ae530,0x1e1628},
{0x3ae538,0x1e1660},
{0x3ae540,0x1e16b0},
{0x3ae548,0x1e1700},
{0x3ae550,0x1e17e0},
{0x3ae558,0x1e17fc},
{0x3ae568,0xdf41d},
{0x3ae580,0xdf48a},
{0x3ae590,0x3ae5e0},
{0x3ae598,0x1e1970},
{0x3ae5a0,0x1e19cc},
{0x3ae5a8,0x1e1a28},
{0x3ae5b0,0x1e1a7c},
{0x3ae5b8,0x1e1ab4},
{0x3ae5c0,0x1e1b04},
{0x3ae5c8,0x1e1b54},
{0x3ae5d0,0x1e1c68},
{0x3ae5d8,0x1e1c84},
{0x3ae5e8,0xdf4c0},
{0x3ae600,0xdf52d},
{0x3ae610,0x3ae660},
{0x3ae618,0x1e1c90},
{0x3ae620,0x1e1cec},
{0x3ae628,0x1e1d48},
{0x3ae630,0x1e1d9c},
{0x3ae638,0x1e1dd4},
{0x3ae640,0x1e1e24},
{0x3ae648,0x1e1e74},
{0x3ae650,0x1e1f54},
{0x3ae658,0x1e1f70},
{0x3ae668,0xdf563},
{0x3ae680,0xdf5d0},
{0x3ae690,0x3ae6e0},
{0x3ae698,0x1e1f7c},
{0x3ae6a0,0x1e1fd8},
{0x3ae6a8,0x1e2034},
{0x3ae6b0,0x1e2088},
{0x3ae6b8,0x1e20c0},
{0x3ae6c0,0x1e2110},
{0x3ae6c8,0x1e2160},
{0x3ae6d0,0x1e2274},
{0x3ae6d8,0x1e2290},
{0x3ae6e8,0xdf606},
{0x3ae700,0xdf673},
{0x3ae710,0x3ae760},
{0x3ae718,0x1e229c},
{0x3ae720,0x1e22f8},
{0x3ae728,0x1e2354},
{0x3ae730,0x1e23a8},
{0x3ae738,0x1e23e0},
{0x3ae740,0x1e2430},
{0x3ae748,0x1e2480},
{0x3ae750,0x1e2560},
{0x3ae758,0x1e257c},
{0x3ae768,0xdf6a9},
{0x3ae780,0xdf716},
{0x3ae790,0x3ae7e0},
{0x3ae798,0x1e2588},
{0x3ae7a0,0x1e25e4},
{0x3ae7a8,0x1e2640},
{0x3ae7b0,0x1e2694},
{0x3ae7b8,0x1e26cc},
{0x3ae7c0,0x1e271c},
{0x3ae7c8,0x1e276c},
{0x3ae7d0,0x1e2880},
{0x3ae7d8,0x1e289c},
{0x3ae7e8,0xdf74c},
{0x3ae800,0xdf7b9},
{0x3ae810,0x3ae860},
{0x3ae818,0x1e28a8},
{0x3ae820,0x1e2904},
{0x3ae828,0x1e2960},
{0x3ae830,0x1e29b4},
{0x3ae838,0x1e29ec},
{0x3ae840,0x1e2a3c},
{0x3ae848,0x1e2a8c},
{0x3ae850,0x1e2ba0},
{0x3ae858,0x1e2bbc},
{0x3ae868,0xdf7ef},
{0x3ae880,0xdf85c},
{0x3ae988,0x3ae9d8},
{0x3ae990,0x1613c4},
{0x3ae998,0x1ebf0c},
{0x3ae9a0,0x1ebf10},
{0x3ae9a8,0x1ebf44},
{0x3ae9b0,0x1ebf58},
{0x3ae9b8,0x1ebf5c},
{0x3ae9c0,0x1ebf60},
{0x3ae9c8,0x1ebfb4},
{0x3ae9d0,0x1ebfd0},
{0x3ae9e0,0xdf89b},
{0x3ae9f8,0xdf8ed},
{0x3aea08,0x3aea58},
{0x3aea10,0x1613c4},
{0x3aea18,0x1ebfdc},
{0x3aea20,0x1ebfe0},
{0x3aea28,0x1ec014},
{0x3aea30,0x1ec028},
{0x3aea38,0x1ec02c},
{0x3aea40,0x1ec030},
{0x3aea48,0x1ec038},
{0x3aea50,0x1ec054},
{0x3aea60,0xdf908},
{0x3aea78,0xdf95a},
{0x3aea88,0x3aead8},
{0x3aea90,0x1613c4},
{0x3aea98,0x1ec060},
{0x3aeaa0,0x1ec064},
{0x3aeaa8,0x1ec098},
{0x3aeab0,0x1ec0ac},
{0x3aeab8,0x1ec0b0},
{0x3aeac0,0x1ec0b4},
{0x3aeac8,0x1ec0bc},
{0x3aead0,0x1ec0d8},
{0x3aeae0,0xdf975},
{0x3aeaf8,0xdf9c7},
{0x3aeb08,0x3aeb58},
{0x3aeb10,0x1613c4},
{0x3aeb18,0x1ec0e4},
{0x3aeb20,0x1ec0e8},
{0x3aeb28,0x1ec11c},
{0x3aeb30,0x1ec130},
{0x3aeb38,0x1ec134},
{0x3aeb40,0x1ec138},
{0x3aeb48,0x1ec140},
{0x3aeb50,0x1ec15c},
{0x3aeb60,0xdf9e2},
{0x3aeb78,0xdfa34},
{0x3aeb88,0x3aebd8},
{0x3aeb90,0x1613c4},
{0x3aeb98,0x1ec168},
{0x3aeba0,0x1ec16c},
{0x3aeba8,0x1ec1a0},
{0x3aebb0,0x1ec1b4},
{0x3aebb8,0x1ec1b8},
{0x3aebc0,0x1ec1bc},
{0x3aebc8,0x1ec20c},
{0x3aebd0,0x1ec228},
{0x3aebe0,0xdfa4f},
{0x3aebf8,0xdfaa1},
{0x3aec08,0x3aec58},
{0x3aec10,0x1613c4},
{0x3aec18,0x1ec234},
{0x3aec20,0x1ec238},
{0x3aec28,0x1ec26c},
{0x3aec30,0x1ec280},
{0x3aec38,0x1ec284},
{0x3aec40,0x1ec288},
{0x3aec48,0x1ec290},
{0x3aec50,0x1ec2ac},
{0x3aec60,0xdfabc},
{0x3aec78,0xdfb0e},
{0x3aec88,0x3aecd8},
{0x3aec90,0x1613c4},
{0x3aec98,0x1ec2b8},
{0x3aeca0,0x1ec2bc},
{0x3aeca8,0x1ec2f0},
{0x3aecb0,0x1ec304},
{0x3aecb8,0x1ec308},
{0x3aecc0,0x1ec30c},
{0x3aecc8,0x1ec314},
{0x3aecd0,0x1ec330},
{0x3aece0,0xdfb29},
{0x3aecf8,0xdfb7b},
{0x3aed08,0x3aed58},
{0x3aed10,0x1613c4},
{0x3aed18,0x1ec33c},
{0x3aed20,0x1ec340},
{0x3aed28,0x1ec374},
{0x3aed30,0x1ec388},
{0x3aed38,0x1ec38c},
{0x3aed40,0x1ec390},
{0x3aed48,0x1ec398},
{0x3aed50,0x1ec3b4},
{0x3aed60,0xdfb96},
{0x3aed78,0xdfbe8},
{0x3aed88,0x3aedd8},
{0x3aed90,0x1613c4},
{0x3aed98,0x1ec3c0},
{0x3aeda0,0x1ec3c4},
{0x3aeda8,0x1ec3f8},
{0x3aedb0,0x1ec40c},
{0x3aedb8,0x1ec410},
{0x3aedc0,0x1ec414},
{0x3aedc8,0x1ec41c},
{0x3aedd0,0x1ec438},
{0x3aede0,0xdfc03},
{0x3aedf8,0xdfc55},
{0x3aee08,0x3aee58},
{0x3aee10,0x1ec580},
{0x3aee18,0x1ec5dc},
{0x3aee20,0x1ec638},
{0x3aee28,0x1ec68c},
{0x3aee30,0x1ec6c4},
{0x3aee38,0x1ec714},
{0x3aee40,0x1ec764},
{0x3aee48,0x1ec85c},
{0x3aee50,0x1ec878},
{0x3aee60,0xdfc70},
{0x3aee78,0xdfcce},
{0x3aee88,0x3aeed8},
{0x3aee90,0x1ec884},
{0x3aee98,0x1ec8e0},
{0x3aeea0,0x1ec93c},
{0x3aeea8,0x1ec990},
{0x3aeeb0,0x1ec9c8},
{0x3aeeb8,0x1eca18},
{0x3aeec0,0x1eca68},
{0x3aeec8,0x1ecb34},
{0x3aeed0,0x1ecb50},
{0x3aeee0,0xdfcf5},
{0x3aeef8,0xdfd53},
{0x3aef08,0x3aef58},
{0x3aef10,0x1613c4},
{0x3aef18,0x1ecb5c},
{0x3aef20,0x1ecb60},
{0x3aef28,0x1ecb94},
{0x3aef30,0x1ecba8},
{0x3aef38,0x1ecbac},
{0x3aef40,0x1ecbb0},
{0x3aef48,0x1ecc00},
{0x3aef50,0x1ecc1c},
{0x3aef60,0xdfd7a},
{0x3aef78,0xdfdd8},
{0x3aef88,0x3aefd8},
{0x3aef90,0x1ecc28},
{0x3aef98,0x1ecc68},
{0x3aefa0,0x1eccc0},
{0x3aefa8,0x1ecd50},
{0x3aefb0,0x1ecdd0},
{0x3aefb8,0x1ece04},
{0x3aefc0,0x1ece50},
{0x3aefc8,0x1ece88},
{0x3aefd0,0x1ecea4},
{0x3aefe0,0xdfdff},
{0x3aeff8,0xdfe5d},
{0x3af008,0x3af058},
{0x3af010,0x1ed018},
{0x3af018,0x1ed074},
{0x3af020,0x1ed0d0},
{0x3af028,0x1ed124},
{0x3af030,0x1ed15c},
{0x3af038,0x1ed1ac},
{0x3af040,0x1ed1fc},
{0x3af048,0x1ed238},
{0x3af050,0x1ed254},
{0x3af060,0xdfe84},
{0x3af078,0xdfee0},
{0x3af088,0x3af0d8},
{0x3af090,0x1ed260},
{0x3af098,0x1ed2bc},
{0x3af0a0,0x1ed318},
{0x3af0a8,0x1ed36c},
{0x3af0b0,0x1ed3a4},
{0x3af0b8,0x1ed3f4},
{0x3af0c0,0x1ed444},
{0x3af0c8,0x1ed620},
{0x3af0d0,0x1ed63c},
{0x3af0e0,0xdff05},
{0x3af0f8,0xdff61},
{0x3af108,0x3af158},
{0x3af110,0x1ed648},
{0x3af118,0x1ed6a4},
{0x3af120,0x1ed700},
{0x3af128,0x1ed754},
{0x3af130,0x1ed78c},
{0x3af138,0x1ed7dc},
{0x3af140,0x1ed82c},
{0x3af148,0x1ed8f8},
{0x3af150,0x1ed914},
{0x3af160,0xdff86},
{0x3af178,0xdffe2},
{0x3af188,0x3af1d8},
{0x3af190,0x1eda5c},
{0x3af198,0x1edab8},
{0x3af1a0,0x1edb14},
{0x3af1a8,0x1edb70},
{0x3af1b0,0x1edbc0},
{0x3af1b8,0x1edc10},
{0x3af1c0,0x1edc60},
{0x3af1c8,0x1ee204},
{0x3af1d0,0x1ee220},
{0x3af1e0,0xe0007},
{0x3af1f8,0x3af248},
{0x3af200,0x1ee22c},
{0x3af208,0x1ee24c},
{0x3af210,0x1ee28c},
{0x3af218,0x1ee300},
{0x3af220,0x1ee33c},
{0x3af228,0x1ee350},
{0x3af230,0x1ee384},
{0x3af238,0x1ee4d4},
{0x3af240,0x1ee4f0},
{0x3af250,0xe0060},
{0x3af268,0xe00c6},
{0x3af278,0xe00f5},
{0x3af290,0x1613c4},
{0x3af2a0,0x1ee500},
{0x3af2a8,0x1ee544},
{0x3af2b0,0x1ee568},
{0x3af2b8,0x1ee56c},
{0x3af2c0,0x1ee570},
{0x3af2c8,0x1ee58c},
{0x3af2d0,0x1ee5a8},
{0x3af338,0x3af388},
{0x3af340,0x1ee5b4},
{0x3af348,0x1ee610},
{0x3af350,0x1ee66c},
{0x3af358,0x1ee6c0},
{0x3af360,0x1ee6f8},
{0x3af368,0x1ee748},
{0x3af370,0x1ee798},
{0x3af378,0x1ee860},
{0x3af380,0x1ee87c},
{0x3af390,0xe01ee},
{0x3af3a8,0xe0247},
{0x3af3b8,0x3af408},
{0x3af3c0,0x1ee888},
{0x3af3c8,0x1ee8e4},
{0x3af3d0,0x1ee940},
{0x3af3d8,0x1ee994},
{0x3af3e0,0x1ee9cc},
{0x3af3e8,0x1eea1c},
{0x3af3f0,0x1eea6c},
{0x3af3f8,0x1eec48},
{0x3af400,0x1eec64},
{0x3af410,0xe0269},
{0x3af428,0xe02c2},
{0x3af438,0x3af488},
{0x3af440,0x1eec70},
{0x3af448,0x1eeccc},
{0x3af450,0x1eed28},
{0x3af458,0x1eed7c},
{0x3af460,0x1eedb4},
{0x3af468,0x1eee04},
{0x3af470,0x1eee54},
{0x3af478,0x1ef0e8},
{0x3af480,0x1ef104},
{0x3af490,0xe02e4},
{0x3af4a8,0xe033d},
{0x3af4b8,0x3af508},
{0x3af4c0,0x1ef24c},
{0x3af4c8,0x1ef2a8},
{0x3af4d0,0x1ef304},
{0x3af4d8,0x1ef35c},
{0x3af4e0,0x1ef398},
{0x3af4e8,0x1ef3e8},
{0x3af4f0,0x1ef438},
{0x3af4f8,0x1ef750},
{0x3af500,0x1ef76c},
{0x3af510,0xe035f},
{0x3af528,0xe03b8},
{0x3af538,0x3af588},
{0x3af540,0x1ef8b4},
{0x3af548,0x1ef910},
{0x3af550,0x1ef96c},
{0x3af558,0x1ef9c0},
{0x3af560,0x1ef9f8},
{0x3af568,0x1efa48},
{0x3af570,0x1efa98},
{0x3af578,0x1efc74},
{0x3af580,0x1efc90},
{0x3af590,0xe03da},
{0x3af5a8,0xe0433},
{0x3af5b8,0x3af608},
{0x3af5c0,0x1efc9c},
{0x3af5c8,0x1efcf8},
{0x3af5d0,0x1efd54},
{0x3af5d8,0x1efdb0},
{0x3af5e0,0x1efe00},
{0x3af5e8,0x1efe50},
{0x3af5f0,0x1efea0},
{0x3af5f8,0x1f0194},
{0x3af600,0x1f01b0},
{0x3af610,0xe0455},
{0x3af628,0xe04ae},
{0x3af638,0x3af688},
{0x3af640,0x1f01bc},
{0x3af648,0x1f0218},
{0x3af650,0x1f0274},
{0x3af658,0x1f02c8},
{0x3af660,0x1f0300},
{0x3af668,0x1f0350},
{0x3af670,0x1f03a0},
{0x3af678,0x1f0470},
{0x3af680,0x1f048c},
{0x3af690,0xe04d0},
{0x3af6a8,0xe0529},
{0x3af6b8,0x3af708},
{0x3af6c0,0x1f05d4},
{0x3af6c8,0x1f0630},
{0x3af6d0,0x1f068c},
{0x3af6d8,0x1f06e0},
{0x3af6e0,0x1f0718},
{0x3af6e8,0x1f0768},
{0x3af6f0,0x1f07b8},
{0x3af6f8,0x1f08b0},
{0x3af700,0x1f08cc},
{0x3af710,0xe054b},
{0x3af728,0xe05a4},
{0x3af738,0x3af788},
{0x3af740,0x1f08d8},
{0x3af748,0x1f0934},
{0x3af750,0x1f0990},
{0x3af758,0x1f09e4},
{0x3af760,0x1f0a1c},
{0x3af768,0x1f0a6c},
{0x3af770,0x1f0abc},
{0x3af778,0x1f0b88},
{0x3af780,0x1f0ba4},
{0x3af790,0xe05c6},
{0x3af7a8,0xe061f},
{0x3af7b8,0x3af808},
{0x3af7c0,0x1f0bb0},
{0x3af7c8,0x1f0c0c},
{0x3af7d0,0x1f0c68},
{0x3af7d8,0x1f0cbc},
{0x3af7e0,0x1f0cf4},
{0x3af7e8,0x1f0d44},
{0x3af7f0,0x1f0d94},
{0x3af7f8,0x1f0ec8},
{0x3af800,0x1f0ee4},
{0x3af810,0xe0641},
{0x3af828,0xe069b},
{0x3af838,0x3af888},
{0x3af840,0x1f0ef0},
{0x3af848,0x1f0f4c},
{0x3af850,0x1f0fa8},
{0x3af858,0x1f0ffc},
{0x3af860,0x1f1034},
{0x3af868,0x1f1084},
{0x3af870,0x1f10d4},
{0x3af878,0x1f11a4},
{0x3af880,0x1f11c0},
{0x3af890,0xe06be},
{0x3af8a8,0xe0718},
{0x3af8b8,0x3af908},
{0x3af8c0,0x1f1328},
{0x3af8c8,0x1f1384},
{0x3af8d0,0x1f13e0},
{0x3af8d8,0x1f1434},
{0x3af8e0,0x1f146c},
{0x3af8e8,0x1f14bc},
{0x3af8f0,0x1f150c},
{0x3af8f8,0x1f15dc},
{0x3af900,0x1f15f8},
{0x3af910,0xe073b},
{0x3af928,0xe0797},
{0x3af938,0x3af988},
{0x3af940,0x1f1740},
{0x3af948,0x1f179c},
{0x3af950,0x1f17f8},
{0x3af958,0x1f1850},
{0x3af960,0x1f188c},
{0x3af968,0x1f18dc},
{0x3af970,0x1f192c},
{0x3af978,0x1f1c60},
{0x3af980,0x1f1c7c},
{0x3af990,0xe07bc},
{0x3af9a8,0xe0818},
{0x3af9b8,0x3afa08},
{0x3af9c0,0x1f1dc4},
{0x3af9c8,0x1f1e20},
{0x3af9d0,0x1f1e7c},
{0x3af9d8,0x1f1ed0},
{0x3af9e0,0x1f1f08},
{0x3af9e8,0x1f1f58},
{0x3af9f0,0x1f1fa8},
{0x3af9f8,0x1f209c},
{0x3afa00,0x1f20b8},
{0x3afa10,0xe083d},
{0x3afa28,0xe0899},
{0x3afa38,0x3afa88},
{0x3afa40,0x1f20c4},
{0x3afa48,0x1f2120},
{0x3afa50,0x1f217c},
{0x3afa58,0x1f21d0},
{0x3afa60,0x1f2208},
{0x3afa68,0x1f2258},
{0x3afa70,0x1f22a8},
{0x3afa78,0x1f2370},
{0x3afa80,0x1f238c},
{0x3afa90,0xe08be},
{0x3afaa8,0xe091a},
{0x3afab8,0x3afb08},
{0x3afac0,0x1f2398},
{0x3afac8,0x1f23f4},
{0x3afad0,0x1f2450},
{0x3afad8,0x1f24a4},
{0x3afae0,0x1f24dc},
{0x3afae8,0x1f252c},
{0x3afaf0,0x1f257c},
{0x3afaf8,0x1f264c},
{0x3afb00,0x1f2668},
{0x3afb10,0xe093f},
{0x3afb28,0xe099b},
{0x3afb38,0x3afb88},
{0x3afb40,0x1f2674},
{0x3afb48,0x1f26d0},
{0x3afb50,0x1f272c},
{0x3afb58,0x1f2780},
{0x3afb60,0x1f27b8},
{0x3afb68,0x1f2808},
{0x3afb70,0x1f2858},
{0x3afb78,0x1f2920},
{0x3afb80,0x1f293c},
{0x3afb90,0xe09c0},
{0x3afba8,0xe0a1c},
{0x3afbb8,0x3afc08},
{0x3afbc0,0x1f2948},
{0x3afbc8,0x1f29a4},
{0x3afbd0,0x1f2a00},
{0x3afbd8,0x1f2a54},
{0x3afbe0,0x1f2a8c},
{0x3afbe8,0x1f2adc},
{0x3afbf0,0x1f2b2c},
{0x3afbf8,0x1f2bf8},
{0x3afc00,0x1f2c14},
{0x3afc10,0xe0a41},
{0x3afc28,0xe0a9d},
{0x3afc38,0x3afc88},
{0x3afc40,0x1f2c20},
{0x3afc48,0x1f2c7c},
{0x3afc50,0x1f2cd8},
{0x3afc58,0x1f2d2c},
{0x3afc60,0x1f2d64},
{0x3afc68,0x1f2db4},
{0x3afc70,0x1f2e04},
{0x3afc78,0x1f2ed0},
{0x3afc80,0x1f2eec},
{0x3afc90,0xe0ac2},
{0x3afca8,0xe0b1e},
{0x3afcb8,0x3afd08},
{0x3afcc0,0x1f2ef8},
{0x3afcc8,0x1f2f54},
{0x3afcd0,0x1f2fb0},
{0x3afcd8,0x1f3004},
{0x3afce0,0x1f303c},
{0x3afce8,0x1f308c},
{0x3afcf0,0x1f30dc},
{0x3afcf8,0x1f31a8},
{0x3afd00,0x1f31c4},
{0x3afd10,0xe0b43},
{0x3afd28,0xe0b9f},
{0x3afd38,0x3afd88},
{0x3afd40,0x1613c4},
{0x3afd48,0x1f31d0},
{0x3afd50,0x1f31d4},
{0x3afd58,0x1f3208},
{0x3afd60,0x1f321c},
{0x3afd68,0x1f3220},
{0x3afd70,0x1f3224},
{0x3afd78,0x1f3330},
{0x3afd80,0x1f334c},
{0x3afd90,0xe0bc4},
{0x3afda8,0xe0c1e},
{0x3afdb8,0x3afe08},
{0x3afdc0,0x1613c4},
{0x3afdc8,0x1f3358},
{0x3afdd0,0x1f335c},
{0x3afdd8,0x1f3380},
{0x3afde0,0x1f3390},
{0x3afde8,0x1f3394},
{0x3afdf0,0x1f3398},
{0x3afdf8,0x1f35a0},
{0x3afe00,0x1f35bc},
{0x3afe10,0xe0c41},
{0x3afe28,0xe0c98},
{0x3afe38,0x3afe88},
{0x3afe40,0x1613c4},
{0x3afe48,0x1f35c8},
{0x3afe50,0x1f35cc},
{0x3afe58,0x1f3600},
{0x3afe60,0x1f3614},
{0x3afe68,0x1f3618},
{0x3afe70,0x1f361c},
{0x3afe78,0x1f38ec},
{0x3afe80,0x1f3908},
{0x3afe90,0xe0cb8},
{0x3afea8,0xe0d0f},
{0x3afeb8,0x3aff08},
{0x3afec0,0x1613c4},
{0x3afec8,0x1f3a7c},
{0x3afed0,0x1f3a80},
{0x3afed8,0x1f3aa4},
{0x3afee0,0x1f3ab4},
{0x3afee8,0x1f3ab8},
{0x3afef0,0x1f3abc},
{0x3afef8,0x1f3c48},
{0x3aff00,0x1f3c64},
{0x3aff10,0xe0d2f},
{0x3aff28,0xe0d86},
{0x3aff38,0x3aff88},
{0x3aff40,0x1613c4},
{0x3aff48,0x1f3c70},
{0x3aff50,0x1f3c74},
{0x3aff58,0x1f3ca8},
{0x3aff60,0x1f3cbc},
{0x3aff68,0x1f3cc0},
{0x3aff70,0x1f3cc4},
{0x3aff78,0x1f3f98},
{0x3aff80,0x1f3fb4},
{0x3aff90,0xe0da6},
{0x3affa8,0xe0dfd},
{0x3affb8,0x3b0008},
{0x3affc0,0x1613c4},
{0x3affc8,0x1f4128},
{0x3affd0,0x1f412c},
{0x3affd8,0x1f4150},
{0x3affe0,0x1f4160},
{0x3affe8,0x1f4164},
{0x3afff0,0x1f4168},
{0x3afff8,0x1f444c},
{0x3b0000,0x1f4468},
{0x3b0010,0xe0e1d},
{0x3b0028,0xe0e74},
{0x3b0038,0x3b0088},
{0x3b0040,0x1613c4},
{0x3b0048,0x1f4474},
{0x3b0050,0x1f4478},
{0x3b0058,0x1f44ac},
{0x3b0060,0x1f44c0},
{0x3b0068,0x1f44c4},
{0x3b0070,0x1f44c8},
{0x3b0078,0x1f4798},
{0x3b0080,0x1f47b4},
{0x3b0090,0xe0e94},
{0x3b00a8,0xe0eeb},
{0x3b00b8,0x3b0108},
{0x3b00c0,0x1613c4},
{0x3b00c8,0x1f4928},
{0x3b00d0,0x1f492c},
{0x3b00d8,0x1f4950},
{0x3b00e0,0x1f4960},
{0x3b00e8,0x1f4964},
{0x3b00f0,0x1f4968},
{0x3b00f8,0x1f4c3c},
{0x3b0100,0x1f4c58},
{0x3b0110,0xe0f0b},
{0x3b0128,0xe0f62},
{0x3b0138,0x3b0188},
{0x3b0140,0x1613c4},
{0x3b0148,0x1f4c64},
{0x3b0150,0x1f4c68},
{0x3b0158,0x1f4c9c},
{0x3b0160,0x1f4cb0},
{0x3b0168,0x1f4cb4},
{0x3b0170,0x1f4cb8},
{0x3b0178,0x1f4f80},
{0x3b0180,0x1f4f9c},
{0x3b0190,0xe0f82},
{0x3b01a8,0xe0fd9},
{0x3b02b0,0x3b0300},
{0x3b02b8,0x1613c4},
{0x3b02c0,0x1f5a74},
{0x3b02c8,0x1f5a78},
{0x3b02d0,0x1f5aac},
{0x3b02d8,0x1f5ac0},
{0x3b02e0,0x1f5ac4},
{0x3b02e8,0x1f5ac8},
{0x3b02f0,0x1f5ae0},
{0x3b02f8,0x1f5afc},
{0x3b0308,0xe1007},
{0x3b0320,0xe1061},
{0x3b0430,0x1c3e74},
{0x3b0440,0x1f8e84},
{0x3b0448,0x1f8ec8},
{0x3b0450,0x1f8eec},
{0x3b0458,0x1f8ef0},
{0x3b0460,0x1f8ef4},
{0x3b0468,0x1f8f10},
{0x3b0470,0x1f8f2c},
{0x3b04e0,0x1613c4},
{0x3b04f0,0x1f8f3c},
{0x3b04f8,0x1f8f80},
{0x3b0500,0x1f8fa4},
{0x3b0508,0x1f8fa8},
{0x3b0510,0x1f8fac},
{0x3b0518,0x1f8fc8},
{0x3b0520,0x1f8fe4},
{0x3b0588,0x3b05d8},
{0x3b0590,0x1613c4},
{0x3b0598,0x1f8ff0},
{0x3b05a0,0x1f8ff4},
{0x3b05a8,0x1f9028},
{0x3b05b0,0x1f903c},
{0x3b05b8,0x1f9040},
{0x3b05c0,0x1f9044},
{0x3b05c8,0x1f90a4},
{0x3b05d0,0x1f90c0},
{0x3b05e0,0xe1326},
{0x3b05f8,0xe13be},
{0x3b0608,0x3b0658},
{0x3b0610,0x1613c4},
{0x3b0618,0x1f90cc},
{0x3b0620,0x1f90d0},
{0x3b0628,0x1f9104},
{0x3b0630,0x1f9118},
{0x3b0638,0x1f911c},
{0x3b0640,0x1f9120},
{0x3b0648,0x1f9148},
{0x3b0650,0x1f9164},
{0x3b0660,0xe1431},
{0x3b0678,0xe14c9},
{0x3b0688,0x3b06d8},
{0x3b0690,0x1613c4},
{0x3b0698,0x1f93fc},
{0x3b06a0,0x1f9400},
{0x3b06a8,0x1f9434},
{0x3b06b0,0x1f9448},
{0x3b06b8,0x1f944c},
{0x3b06c0,0x1f9450},
{0x3b06c8,0x1f9468},
{0x3b06d0,0x1f9484},
{0x3b06e0,0xe153c},
{0x3b06f8,0xe1595},
{0x3b0818,0x1fb5f4},
{0x3b0828,0x1fb600},
{0x3b0a58,0x1fddf0},
{0x3b0a60,0x1fde50},
{0x3b0a68,0x1fde94},
{0x3b0a70,0x1fdee4},
{0x3b0a78,0x1fdf34},
{0x3b0a80,0x1fdf3c},
{0x3b0a88,0x1fdf58},
{0x3b0ac8,0x1613c4},
{0x3b0ad8,0x1fe09c},
{0x3b0ae0,0x1fe0d8},
{0x3b0ae8,0x1fe0f4},
{0x3b0af0,0x1fe0f8},
{0x3b0af8,0x1fe0fc},
{0x3b0b00,0x1fe18c},
{0x3b0b08,0x1fe1a8},
{0x3b0b48,0x1613c4},
{0x3b0b58,0x1fe1b8},
{0x3b0b60,0x1fe1f0},
{0x3b0b68,0x1fe208},
{0x3b0b70,0x1fe20c},
{0x3b0b78,0x1fe210},
{0x3b0b80,0x1fe228},
{0x3b0b88,0x1fe244},
{0x3b0bd8,0x1fe2bc},
{0x3b0be0,0x1fe358},
{0x3b0be8,0x1fe3f8},
{0x3b0bf0,0x1fe410},
{0x3b0bf8,0x1fe444},
{0x3b0c00,0x1fe44c},
{0x3b0c08,0x1fe468},
{0x3b0c58,0x1fe64c},
{0x3b0c60,0x1fe6e8},
{0x3b0c68,0x1fe788},
{0x3b0c70,0x1fe7a0},
{0x3b0c78,0x1fe7d4},
{0x3b0c80,0x1fe7dc},
{0x3b0c88,0x1fe7f8},
{0x3b0cc0,0x3b0d10},
{0x3b0cc8,0x1ff30c},
{0x3b0cd0,0x1ff29c},
{0x3b0cd8,0x1ff2a0},
{0x3b0ce0,0x1ff2c4},
{0x3b0ce8,0x1ff2d4},
{0x3b0cf0,0x1ff2d8},
{0x3b0cf8,0x1ff2dc},
{0x3b0d00,0x1ff2e4},
{0x3b0d08,0x1ff300},
{0x3b0d18,0xe1e75},
{0x3b0d40,0xe1f21},
{0x3b0d50,0x3b0da0},
{0x3b0d58,0x1ff30c},
{0x3b0d60,0x1ff310},
{0x3b0d68,0x1ff314},
{0x3b0d70,0x1ff338},
{0x3b0d78,0x1ff348},
{0x3b0d80,0x1ff34c},
{0x3b0d88,0x1ff350},
{0x3b0d90,0x1ff41c},
{0x3b0d98,0x1ff438},
{0x3b0da8,0xe1f45},
{0x3b0dc0,0xe1fb6},
{0x3b0de8,0x1ff48c},
{0x3b0df8,0x1ff498},
{0x3b1028,0x201bf4},
{0x3b1030,0x201c54},
{0x3b1038,0x201c98},
{0x3b1040,0x201ce8},
{0x3b1048,0x201d38},
{0x3b1050,0x201d40},
{0x3b1058,0x201d5c},
{0x3b1098,0x1613c4},
{0x3b10a8,0x201ea0},
{0x3b10b0,0x201edc},
{0x3b10b8,0x201ef8},
{0x3b10c0,0x201efc},
{0x3b10c8,0x201f00},
{0x3b10d0,0x201f90},
{0x3b10d8,0x201fac},
{0x3b1118,0x1613c4},
{0x3b1128,0x201fbc},
{0x3b1130,0x201ff4},
{0x3b1138,0x20200c},
{0x3b1140,0x202010},
{0x3b1148,0x202014},
{0x3b1150,0x20202c},
{0x3b1158,0x202048},
{0x3b11a8,0x2020c0},
{0x3b11b0,0x20215c},
{0x3b11b8,0x2021fc},
{0x3b11c0,0x202214},
{0x3b11c8,0x202248},
{0x3b11d0,0x202250},
{0x3b11d8,0x20226c},
{0x3b1228,0x202450},
{0x3b1230,0x2024ec},
{0x3b1238,0x20258c},
{0x3b1240,0x2025a4},
{0x3b1248,0x2025d8},
{0x3b1250,0x2025e0},
{0x3b1258,0x2025fc},
{0x3b1298,0x1613c4},
{0x3b12a8,0x202a20},
{0x3b12b0,0x202a64},
{0x3b12b8,0x202a88},
{0x3b12c0,0x202a8c},
{0x3b12c8,0x202a90},
{0x3b12d0,0x202aac},
{0x3b12d8,0x202ac8},
{0x3b1340,0x3b1390},
{0x3b1348,0x1613c4},
{0x3b1350,0x202ad4},
{0x3b1358,0x202ad8},
{0x3b1360,0x202b0c},
{0x3b1368,0x202b20},
{0x3b1370,0x202b24},
{0x3b1378,0x202b28},
{0x3b1380,0x202b40},
{0x3b1388,0x202b5c},
{0x3b1398,0xe2802},
{0x3b13b0,0xe285d},
{0x3b14c0,0x1613c4},
{0x3b14d0,0x204430},
{0x3b14d8,0x204474},
{0x3b14e0,0x204498},
{0x3b14e8,0x20449c},
{0x3b14f0,0x2044a0},
{0x3b14f8,0x2044bc},
{0x3b1500,0x2044d8},
{0x3b1660,0x3b16b0},
{0x3b1668,0x1613c4},
{0x3b1670,0x2084c8},
{0x3b1678,0x2084cc},
{0x3b1680,0x208500},
{0x3b1688,0x208514},
{0x3b1690,0x208518},
{0x3b1698,0x20851c},
{0x3b16a0,0x20856c},
{0x3b16a8,0x208588},
{0x3b16b8,0xe29b6},
{0x3b16d0,0xe2a24},
{0x3b16e8,0x1613c4},
{0x3b16f8,0x208598},
{0x3b1700,0x2085dc},
{0x3b1708,0x208600},
{0x3b1710,0x208604},
{0x3b1718,0x208608},
{0x3b1720,0x208624},
{0x3b1728,0x208640},
{0x3b1790,0x3b17e0},
{0x3b1798,0x20864c},
{0x3b17a0,0x2086d4},
{0x3b17a8,0x208754},
{0x3b17b0,0x2087c8},
{0x3b17b8,0x208804},
{0x3b17c0,0x208880},
{0x3b17c8,0x2088f4},
{0x3b17d0,0x209014},
{0x3b17d8,0x209030},
{0x3b17e8,0xe2b86},
{0x3b1800,0x3b1850},
{0x3b1808,0x20903c},
{0x3b1810,0x20905c},
{0x3b1818,0x20909c},
{0x3b1820,0x209118},
{0x3b1828,0x209178},
{0x3b1830,0x20918c},
{0x3b1838,0x2091c0},
{0x3b1840,0x209278},
{0x3b1848,0x209294},
{0x3b1858,0xe2bf4},
{0x3b1870,0xe2c6f},
{0x3b1880,0xe2cb3},
{0x3b1890,0x3b18e0},
{0x3b1898,0x1613c4},
{0x3b18a0,0x209408},
{0x3b18a8,0x20940c},
{0x3b18b0,0x209444},
{0x3b18b8,0x20945c},
{0x3b18c0,0x209460},
{0x3b18c8,0x209464},
{0x3b18d0,0x20961c},
{0x3b18d8,0x209638},
{0x3b18e8,0xe2cea},
{0x3b1900,0x3b1950},
{0x3b1908,0x1bd1c0},
{0x3b1910,0x209644},
{0x3b1918,0x209648},
{0x3b1920,0x20967c},
{0x3b1928,0x209690},
{0x3b1930,0x209694},
{0x3b1938,0x209698},
{0x3b1940,0x2097c0},
{0x3b1948,0x2097dc},
{0x3b1958,0xe2d58},
{0x3b1970,0xe2df8},
{0x3b1980,0xe2e2f},
{0x3b1a88,0x3b1ad8},
{0x3b1a90,0x1613c4},
{0x3b1a98,0x20ce80},
{0x3b1aa0,0x20ce84},
{0x3b1aa8,0x20ceb8},
{0x3b1ab0,0x20cecc},
{0x3b1ab8,0x20ced0},
{0x3b1ac0,0x20ced4},
{0x3b1ac8,0x20cedc},
{0x3b1ad0,0x20cef8},
{0x3b1ae0,0xe2e83},
{0x3b1af8,0xe2ef0},
{0x3b1b08,0x3b1b58},
{0x3b1b10,0x1613c4},
{0x3b1b18,0x20cf04},
{0x3b1b20,0x20cf08},
{0x3b1b28,0x20cf3c},
{0x3b1b30,0x20cf50},
{0x3b1b38,0x20cf54},
{0x3b1b40,0x20cf58},
{0x3b1b48,0x20cf60},
{0x3b1b50,0x20cf7c},
{0x3b1b60,0xe2f26},
{0x3b1b78,0xe2f93},
{0x3b1b88,0x3b1bd8},
{0x3b1b90,0x1613c4},
{0x3b1b98,0x20cf88},
{0x3b1ba0,0x20cf8c},
{0x3b1ba8,0x20cfc0},
{0x3b1bb0,0x20cfd4},
{0x3b1bb8,0x20cfd8},
{0x3b1bc0,0x20cfdc},
{0x3b1bc8,0x20cfe4},
{0x3b1bd0,0x20d000},
{0x3b1be0,0xe2fc9},
{0x3b1bf8,0xe3036},
{0x3b1c20,0x20d054},
{0x3b1c30,0x20d060},
{0x3b1e60,0x20f778},
{0x3b1e68,0x20f7d8},
{0x3b1e70,0x20f81c},
{0x3b1e78,0x20f86c},
{0x3b1e80,0x20f8bc},
{0x3b1e88,0x20f8c4},
{0x3b1e90,0x20f8e0},
{0x3b1ed0,0x1613c4},
{0x3b1ee0,0x20fa24},
{0x3b1ee8,0x20fa60},
{0x3b1ef0,0x20fa7c},
{0x3b1ef8,0x20fa80},
{0x3b1f00,0x20fa84},
{0x3b1f08,0x20fafc},
{0x3b1f10,0x20fb18},
{0x3b1f50,0x1613c4},
{0x3b1f60,0x20fb28},
{0x3b1f68,0x20fb60},
{0x3b1f70,0x20fb78},
{0x3b1f78,0x20fb7c},
{0x3b1f80,0x20fb80},
{0x3b1f88,0x20fb98},
{0x3b1f90,0x20fbb4},
{0x3b1fe0,0x20fc2c},
{0x3b1fe8,0x20fcc8},
{0x3b1ff0,0x20fd68},
{0x3b1ff8,0x20fd80},
{0x3b2000,0x20fdb4},
{0x3b2008,0x20fdbc},
{0x3b2010,0x20fdd8},
{0x3b2060,0x20ffa0},
{0x3b2068,0x21003c},
{0x3b2070,0x2100dc},
{0x3b2078,0x2100f4},
{0x3b2080,0x210128},
{0x3b2088,0x210130},
{0x3b2090,0x21014c},
{0x3b20d0,0x1613c4},
{0x3b20e0,0x210548},
{0x3b20e8,0x21058c},
{0x3b20f0,0x2105b0},
{0x3b20f8,0x2105b4},
{0x3b2100,0x2105b8},
{0x3b2108,0x2105d4},
{0x3b2110,0x2105f0},
{0x3b2178,0x3b21c8},
{0x3b2180,0x1613c4},
{0x3b2188,0x2105fc},
{0x3b2190,0x210600},
{0x3b2198,0x210634},
{0x3b21a0,0x210648},
{0x3b21a8,0x21064c},
{0x3b21b0,0x210650},
{0x3b21b8,0x210668},
{0x3b21c0,0x210684},
{0x3b21d0,0xe3824},
{0x3b21e8,0xe3891},
{0x3b21f8,0x3b2248},
{0x3b2200,0x210a88},
{0x3b2208,0x210ad0},
{0x3b2210,0x210b14},
{0x3b2218,0x210c40},
{0x3b2220,0x210d50},
{0x3b2228,0x210d90},
{0x3b2230,0x210dcc},
{0x3b2238,0x210e98},
{0x3b2240,0x210eb4},
{0x3b2250,0xe38c8},
{0x3b2268,0xe39d4},
{0x3b24b0,0xc2600},
{0x3b24b8,0xd7aac},
{0x3b24c0,0xccef9},
{0x3b24c8,0xccf05},
{0x3b24d0,0xd941c},
{0x3b24d8,0xc969a},
{0x3b24e0,0xc7e7b},
{0x3b24e8,0xcacd0},
{0x3b24f0,0xc5400},
{0x3b24f8,0xd7aa5},
{0x3b2500,0xc7da7},
{0x3b2508,0xcacf6},
{0x3b2510,0xd4c9e},
{0x3b2518,0xd86b3},
{0x3b2520,0xd244d},
{0x3b2528,0xd7b57},
{0x3b2530,0xcf666},
{0x3b2538,0xd4ca8},
{0x3b2540,0xd2f96},
{0x3b2548,0xd4cac},
{0x3b2550,0xd00f4},
{0x3b2570,0xcf206},
{0x3b2578,0xcacdb},
{0x3b2580,0xd2431},
{0x3b2588,0xc193b},
{0x3b2590,0xd8433},
{0x3b2598,0xd404b},
{0x3b25a0,0xd2431},
{0x3b25a8,0xcda6d},
{0x3b25b0,0xd8f6e},
{0x3b25b8,0xc1986},
{0x3b25c0,0xd2431},
{0x3b25c8,0xc5c4f},
{0x3b25d0,0xcc25a},
{0x3b25d8,0xd243b},
{0x3b25e0,0xd2431},
{0x3b25e8,0xc5c4f},
{0x3b25f0,0xc9dd1},
{0x3b25f8,0xc6fd9},
{0x3b2600,0xd2431},
{0x3b2608,0xc5c4f},
{0x3b2890,0x3b28e0},
{0x3b2898,0x241018},
{0x3b28a0,0x241038},
{0x3b28a8,0x241078},
{0x3b28b0,0x2410f4},
{0x3b28b8,0x241134},
{0x3b28c0,0x241148},
{0x3b28c8,0x24117c},
{0x3b28d0,0x24123c},
{0x3b28d8,0x241258},
{0x3b28e8,0xe3bc3},
{0x3b2900,0xe3c44},
{0x3b2d28,0x253358},
{0x3b2d30,0x2533e0},
{0x3b2d38,0x2533fc},
{0x3b2d60,0xe3e44},
{0x3b2d70,0x3b2dc0},
{0x3b2d78,0x2538e4},
{0x3b2d80,0x2538e8},
{0x3b2d88,0x2538ec},
{0x3b2d90,0x253910},
{0x3b2d98,0x253920},
{0x3b2da0,0x253924},
{0x3b2da8,0x253928},
{0x3b2db0,0x253a44},
{0x3b2db8,0x253a60},
{0x3b2dc8,0xe3e64},
{0x3b2df0,0xe3eff},
{0x3b2f40,0xca087},
{0x3b2f48,0xc4abc},
{0x3b2f50,0xc0e9c},
{0x3b2f58,0xd57d6},
{0x3b2f60,0xc3e55},
{0x3b2f68,0xc545f},
{0x3b2f70,0xc1abc},
{0x3b2f78,0xd411a},
{0x3b2f80,0xc346e},
{0x3b2f88,0xc4acf},
{0x3b2f90,0xc8b94},
{0x3b2f98,0xc4ade},
{0x3b2fa0,0xc3e62},
{0x3b2fa8,0xc70ff},
{0x3b2fb0,0xc3478},
{0x3b2fb8,0xcea1a},
{0x3b3038,0x3b3088},
{0x3b3040,0x1bc364},
{0x3b3048,0x2586e0},
{0x3b3050,0x2586e4},
{0x3b3058,0x258718},
{0x3b3060,0x25872c},
{0x3b3068,0x258730},
{0x3b3070,0x258734},
{0x3b3078,0x25873c},
{0x3b3080,0x258758},
{0x3b3090,0xe3f63},
{0x3b30a8,0xe3fd9},
{0x3b30b8,0x3b3108},
{0x3b30c0,0x258c10},
{0x3b30c8,0x258c14},
{0x3b30d0,0x258c18},
{0x3b30d8,0x258c4c},
{0x3b30e0,0x258c60},
{0x3b30e8,0x258c64},
{0x3b30f0,0x258c68},
{0x3b30f8,0x258cb0},
{0x3b3100,0x258ccc},
{0x3b3110,0xe400c},
{0x3b3138,0xe4099},
{0x3b3520,0xca087},
{0x3b3528,0xc4abc},
{0x3b3530,0xc0e9c},
{0x3b3538,0xd57d6},
{0x3b3540,0xc3e55},
{0x3b3548,0xc545f},
{0x3b3550,0xc1abc},
{0x3b3558,0xd411a},
{0x3b3560,0xc346e},
{0x3b3568,0xc4acf},
{0x3b3570,0xc8b94},
{0x3b3578,0xc4ade},
{0x3b3580,0xc3e62},
{0x3b3588,0xc70ff},
{0x3b3590,0xc3478},
{0x3b3598,0xcea1a},
{0x3b37e8,0x2631f0},
{0x3b37f8,0x2631fc},
{0x3b3828,0x258c10},
{0x3b3838,0x263218},
{0x3b3840,0x263264},
{0x3b3848,0x263290},
{0x3b3850,0x263294},
{0x3b3858,0x263298},
{0x3b3860,0x263304},
{0x3b3868,0x263320},
{0x3b38a8,0x1613c4},
{0x3b38b8,0x263330},
{0x3b38c0,0x263368},
{0x3b38c8,0x263380},
{0x3b38d0,0x263384},
{0x3b38d8,0x263388},
{0x3b38e0,0x26339c},
{0x3b38e8,0x2633b8},
{0x3b3920,0xe4328},
{0x3b3930,0x3b3980},
{0x3b3938,0x1bc364},
{0x3b3940,0x263680},
{0x3b3948,0x263684},
{0x3b3950,0x2636b8},
{0x3b3958,0x2636cc},
{0x3b3960,0x2636d0},
{0x3b3968,0x2636d4},
{0x3b3970,0x2636dc},
{0x3b3978,0x2636f8},
{0x3b3988,0xe4348},
{0x3b39a0,0xe43ba},
{0x3b39b0,0x3b3a00},
{0x3b39b8,0x258c10},
{0x3b39c0,0x263af4},
{0x3b39c8,0x263af8},
{0x3b39d0,0x263b2c},
{0x3b39d8,0x263b40},
{0x3b39e0,0x263b44},
{0x3b39e8,0x263b48},
{0x3b39f0,0x263b90},
{0x3b39f8,0x263bac},
{0x3b3a08,0xe43e9},
{0x3b3a20,0xe444d},
{0x3b3b70,0xca087},
{0x3b3b78,0xc4abc},
{0x3b3b80,0xc0e9c},
{0x3b3b88,0xd57d6},
{0x3b3b90,0xc3e55},
{0x3b3b98,0xc545f},
{0x3b3ba0,0xc1abc},
{0x3b3ba8,0xd411a},
{0x3b3bb0,0xc346e},
{0x3b3bb8,0xc4acf},
{0x3b3bc0,0xc8b94},
{0x3b3bc8,0xc4ade},
{0x3b3bd0,0xc3e62},
{0x3b3bd8,0xc70ff},
{0x3b3be0,0xc3478},
{0x3b3be8,0xcea1a},
{0x3b3c10,0x3b3c60},
{0x3b3c18,0x1bc364},
{0x3b3c20,0x267b4c},
{0x3b3c28,0x267b50},
{0x3b3c30,0x267b84},
{0x3b3c38,0x267b98},
{0x3b3c40,0x267b9c},
{0x3b3c48,0x267ba0},
{0x3b3c50,0x267ba8},
{0x3b3c58,0x267bc4},
{0x3b3c68,0xe448e},
{0x3b3c80,0xe4501},
{0x3b3c90,0x3b3ce0},
{0x3b3c98,0x258c10},
{0x3b3ca0,0x267bd0},
{0x3b3ca8,0x267bd4},
{0x3b3cb0,0x267c08},
{0x3b3cb8,0x267c1c},
{0x3b3cc0,0x267c20},
{0x3b3cc8,0x267c24},
{0x3b3cd0,0x267c6c},
{0x3b3cd8,0x267c88},
{0x3b3ce8,0xe4531},
{0x3b3d00,0xe4596},
{0x3b3d10,0xe4610},
{0x3b3f48,0x26d390},
{0x3b3f50,0x26d3a8},
{0x3b3f58,0x26d3c4},
{0x3b3f98,0x26d3ec},
{0x3b3fa0,0x26d404},
{0x3b3fa8,0x26d420},
{0x3b3fd0,0x3b4020},
{0x3b3fd8,0x258c10},
{0x3b3fe0,0x26e77c},
{0x3b3fe8,0x26e780},
{0x3b3ff0,0x26e7b8},
{0x3b3ff8,0x26e7d0},
{0x3b4000,0x26e7d4},
{0x3b4008,0x26e7d8},
{0x3b4010,0x26e818},
{0x3b4018,0x26e834},
{0x3b4028,0xe47ec},
{0x3b4040,0xe4858},
{0x3b4050,0x3b40a0},
{0x3b4058,0x1613c4},
{0x3b4060,0x26e840},
{0x3b4068,0x26e844},
{0x3b4070,0x26e880},
{0x3b4078,0x26e89c},
{0x3b4080,0x26e8a0},
{0x3b4088,0x26e8a4},
{0x3b4090,0x26eac8},
{0x3b4098,0x26eae4},
{0x3b40a8,0xe488d},
{0x3b40c0,0xe48f9},
{0x3b40d0,0x3b4120},
{0x3b40d8,0x258c10},
{0x3b40e0,0x26eaf0},
{0x3b40e8,0x26eaf4},
{0x3b40f0,0x26eb28},
{0x3b40f8,0x26eb3c},
{0x3b4100,0x26eb40},
{0x3b4108,0x26eb44},
{0x3b4110,0x26eb84},
{0x3b4118,0x26eba0},
{0x3b4128,0xe492e},
{0x3b4140,0xe499a},
{0x3b4150,0x3b41a0},
{0x3b4158,0x258c10},
{0x3b4160,0x26ebac},
{0x3b4168,0x26ebb0},
{0x3b4170,0x26ebf8},
{0x3b4178,0x26ec20},
{0x3b4180,0x26ec24},
{0x3b4188,0x26ec28},
{0x3b4190,0x26ed34},
{0x3b4198,0x26ed50},
{0x3b41a8,0xe49cf},
{0x3b41c0,0xe4a3b},
{0x3b41d0,0x3b4220},
{0x3b41d8,0x258c10},
{0x3b41e0,0x26ed5c},
{0x3b41e8,0x26ed60},
{0x3b41f0,0x26eda8},
{0x3b41f8,0x26edd0},
{0x3b4200,0x26edd4},
{0x3b4208,0x26edd8},
{0x3b4210,0x26ee48},
{0x3b4218,0x26ee64},
{0x3b4228,0xe4a70},
{0x3b4240,0xe4adc},
{0x3b4250,0x3b42a0},
{0x3b4258,0x258c10},
{0x3b4260,0x26ee70},
{0x3b4268,0x26ee74},
{0x3b4270,0x26eebc},
{0x3b4278,0x26eee4},
{0x3b4280,0x26eee8},
{0x3b4288,0x26eeec},
{0x3b4290,0x26ef5c},
{0x3b4298,0x26ef78},
{0x3b42a8,0xe4b11},
{0x3b42c0,0xe4b7d},
{0x3b4458,0x3b44a8},
{0x3b4460,0x258c10},
{0x3b4468,0x272b88},
{0x3b4470,0x272b8c},
{0x3b4478,0x272bc0},
{0x3b4480,0x272bd4},
{0x3b4488,0x272bd8},
{0x3b4490,0x272bdc},
{0x3b4498,0x272c0c},
{0x3b44a0,0x272c28},
{0x3b44b0,0xe4beb},
{0x3b44c8,0xe4c50},
{0x3b44d8,0x3b4528},
{0x3b44e0,0x1613c4},
{0x3b44e8,0x272c34},
{0x3b44f0,0x272c38},
{0x3b44f8,0x272c7c},
{0x3b4500,0x272ca0},
{0x3b4508,0x272ca4},
{0x3b4510,0x272ca8},
{0x3b4518,0x272e4c},
{0x3b4520,0x272e68},
{0x3b4530,0xe4c7e},
{0x3b4548,0xe4ce3},
{0x3b4558,0x3b45a8},
{0x3b4560,0x1613c4},
{0x3b4568,0x272e74},
{0x3b4570,0x272e78},
{0x3b4578,0x272ebc},
{0x3b4580,0x272ee0},
{0x3b4588,0x272ee4},
{0x3b4590,0x272ee8},
{0x3b4598,0x272f44},
{0x3b45a0,0x272f60},
{0x3b45b0,0xe4d11},
{0x3b45c8,0xe4d76},
{0x3b45d8,0x3b4628},
{0x3b45e0,0x258c10},
{0x3b45e8,0x272f6c},
{0x3b45f0,0x272f70},
{0x3b45f8,0x272fb4},
{0x3b4600,0x272fd8},
{0x3b4608,0x272fdc},
{0x3b4610,0x272fe0},
{0x3b4618,0x273000},
{0x3b4620,0x27301c},
{0x3b4630,0xe4da4},
{0x3b4648,0xe4e09},
{0x3b4658,0x3b46a8},
{0x3b4660,0x258c10},
{0x3b4668,0x273028},
{0x3b4670,0x27302c},
{0x3b4678,0x273060},
{0x3b4680,0x273074},
{0x3b4688,0x273078},
{0x3b4690,0x27307c},
{0x3b4698,0x2730ac},
{0x3b46a0,0x2730c8},
{0x3b46b0,0xe4e37},
{0x3b46c8,0xe4ea1},
{0x3b46d8,0x3b4728},
{0x3b46e0,0x1613c4},
{0x3b46e8,0x2730d4},
{0x3b46f0,0x2730d8},
{0x3b46f8,0x273118},
{0x3b4700,0x273138},
{0x3b4708,0x27313c},
{0x3b4710,0x273140},
{0x3b4718,0x2733bc},
{0x3b4720,0x2733d8},
{0x3b4730,0xe4ed4},
{0x3b4748,0x3b4798},
{0x3b4750,0x1613c4},
{0x3b4758,0x2733e4},
{0x3b4760,0x2733e8},
{0x3b4768,0x273420},
{0x3b4770,0x273438},
{0x3b4778,0x27343c},
{0x3b4780,0x273440},
{0x3b4788,0x27344c},
{0x3b4790,0x273468},
{0x3b47a0,0xe4f3e},
{0x3b47b8,0xe4fb5},
{0x3b47c8,0xe4ff5},
{0x3b47d8,0x3b4828},
{0x3b47e0,0x1613c4},
{0x3b47e8,0x273474},
{0x3b47f0,0x273478},
{0x3b47f8,0x2734d8},
{0x3b4800,0x273518},
{0x3b4808,0x27351c},
{0x3b4810,0x273520},
{0x3b4818,0x273764},
{0x3b4820,0x273780},
{0x3b4830,0xe5028},
{0x3b4848,0x3b4898},
{0x3b4850,0x1613c4},
{0x3b4858,0x27378c},
{0x3b4860,0x273790},
{0x3b4868,0x2737c8},
{0x3b4870,0x2737e0},
{0x3b4878,0x2737e4},
{0x3b4880,0x2737e8},
{0x3b4888,0x2737f4},
{0x3b4890,0x273810},
{0x3b48a0,0xe5092},
{0x3b48b8,0xe5109},
{0x3b48c8,0xe5149},
{0x3b48d8,0x3b4928},
{0x3b48e0,0x1613c4},
{0x3b48e8,0x27381c},
{0x3b48f0,0x273820},
{0x3b48f8,0x273880},
{0x3b4900,0x2738c0},
{0x3b4908,0x2738c4},
{0x3b4910,0x2738c8},
{0x3b4918,0x273b0c},
{0x3b4920,0x273b28},
{0x3b4930,0xe517c},
{0x3b4948,0x3b4998},
{0x3b4950,0x1613c4},
{0x3b4958,0x273b34},
{0x3b4960,0x273b38},
{0x3b4968,0x273b70},
{0x3b4970,0x273b88},
{0x3b4978,0x273b8c},
{0x3b4980,0x273b90},
{0x3b4988,0x273b9c},
{0x3b4990,0x273bb8},
{0x3b49a0,0xe51e6},
{0x3b49b8,0xe525d},
{0x3b49c8,0xe529d},
{0x3b49f0,0x273ce8},
{0x3b49f8,0x273d00},
{0x3b4a00,0x273d1c},
{0x3b4a40,0x273d44},
{0x3b4a48,0x273d5c},
{0x3b4a50,0x273d78},
{0x3b4a90,0x273da0},
{0x3b4a98,0x273db8},
{0x3b4aa0,0x273dd4},
{0x3b4ae0,0x273dfc},
{0x3b4ae8,0x273e14},
{0x3b4af0,0x273e30},
{0x3b4b30,0x273e58},
{0x3b4b38,0x273e70},
{0x3b4b40,0x273e8c},
{0x3b4bb0,0x27642c},
{0x3b4bb8,0x276444},
{0x3b4bc0,0x276460},
{0x3b4cf0,0xc53df},
{0x3b4d00,0xd0c5b},
{0x3b4d10,0xce976},
{0x3b4d20,0xd54fd},
{0x3b4d30,0xc326b},
{0x3b4d40,0xc6d8c},
{0x3b4d50,0xccf11},
{0x3b4d60,0xd5779},
{0x3b4d70,0xc0c6c},
{0x3b4d80,0xcfe08},
{0x3b4d90,0xc53ed},
{0x3b4da0,0xc0e23},
{0x3b4db0,0xd8817},
{0x3b4dc0,0xd95d3},
{0x3b4dd0,0xd8821},
{0x3b4de0,0xca0bd},
{0x3b4df0,0xd0d58},
{0x3b4e00,0xcf72b},
{0x3b4e10,0xcf738},
{0x3b4e20,0xd638f},
{0x3b4e30,0xd0d68},
{0x3b4e40,0xc1b4d},
{0x3b4e50,0xcdcb3},
{0x3b4e60,0xd95de},
{0x3b4e70,0xc7138},
{0x3b4e90,0xd76f5},
{0x3b4e98,0xc6464},
{0x3b4ea0,0xd4180},
{0x3b4ea8,0xc3ed7},
{0x3b4eb0,0xd76fb},
{0x3b4eb8,0xce357},
{0x3b4ec0,0xc1497},
{0x3b4ec8,0xc5049},
{0x3b4ed0,0xc0f7a},
{0x3b4ed8,0xc14a6},
{0x3b4ee0,0xc2ee6},
{0x3b4ee8,0xc5055},
{0x3b4ef0,0xce337},
{0x3b4ef8,0xccad7},
{0x3b4f00,0xc45e1},
{0x3b4f08,0xc21b6},
{0x3b4f10,0xcfd2f},
{0x3b4f18,0xd8d60},
{0x3b4f20,0xd821c},
{0x3b4f28,0xd5da5},
{0x3b4f30,0xd08da},
{0x3b4f38,0xcd444},
{0x3b4f60,0x28be44},
{0x3b4f68,0x28be7c},
{0x3b4f70,0x28be98},
{0x3b4fd8,0x29f0fc},
{0x3b4fe0,0x29f14c},
{0x3b4fe8,0x29f168},
{0x3b5008,0xd2533},
{0x3b5010,0xc0d65},
{0x3b5018,0xc9e82},
{0x3b5020,0xc326b},
{0x3b5028,0xc6d8c},
{0x3b5030,0xccf11},
{0x3b5038,0xd5779},
{0x3b5040,0xc985e},
{0x3b5048,0xd26a4},
{0x3b5050,0xc0c6c},
{0x3b5058,0xcfe08},
{0x3b5068,0xc1009},
{0x3b5070,0xc55a1},
{0x3b5078,0xc55a7},
{0x3b5080,0xd7009},
{0x3b5088,0xc7206},
{0x3b5090,0xceba9},
{0x3b5098,0xc5c4f},
{0x3b50a0,0xcdc97},
{0x3b50a8,0xc34a0},
{0x3b50b0,0xd028b},
{0x3b50b8,0xc97f6},
{0x3b50c0,0xcaeff},
{0x3b50c8,0xc8d09},
{0x3b50d0,0xd7d2a},
{0x3b50d8,0xd4ec3},
{0x3b50e0,0xc28c8},
{0x3b50e8,0xd96b5},
{0x3b50f0,0xd4ec6},
{0x3b50f8,0xc5c4f},
{0x3b5100,0xc5c4f},
{0x3b5108,0xc97f6},
{0x3b5110,0xd028b},
{0x3b5118,0xc5c4f},
{0x3b5120,0xc5c4f},
{0x3b5128,0xc5c4f},
{0x3b5130,0xc5c4f},
{0x3b5138,0xc28c8},
{0x3b5140,0xd96b5},
{0x3b5148,0xd420b},
{0x3b5150,0xc34a0},
{0x3b5158,0xcdc97},
{0x3b5160,0xc97f6},
{0x3b5168,0xd028b},
{0x3b5170,0xcaeff},
{0x3b5178,0xc8d09},
{0x3b5180,0xc5c4f},
{0x3b5188,0xc5c4f},
{0x3b5190,0xc28c8},
{0x3b5198,0xd96b5},
{0x3b51a0,0xd4763},
{0x3b51a8,0xc5c4f},
{0x3b51b0,0xc5c4f},
{0x3b51b8,0xc97f6},
{0x3b51c0,0xd028b},
{0x3b51c8,0xcaeff},
{0x3b51d0,0xc8d09},
{0x3b51d8,0xc5c4f},
{0x3b51e0,0xc5c4f},
{0x3b51e8,0xc28c8},
{0x3b51f0,0xd96b5},
{0x3b51f8,0xd8f4c},
{0x3b5200,0xc34a0},
{0x3b5208,0xcdc97},
{0x3b5210,0xc97f6},
{0x3b5218,0xd028b},
{0x3b5220,0xcaeff},
{0x3b5228,0xc8d09},
{0x3b5230,0xc5c4f},
{0x3b5238,0xc5c4f},
{0x3b5240,0xc28c8},
{0x3b5248,0xd96b5},
{0x3b5250,0xd8449},
{0x3b5258,0xc34a0},
{0x3b5260,0xcdc97},
{0x3b5268,0xc97f6},
{0x3b5270,0xd028b},
{0x3b5278,0xcaeff},
{0x3b5280,0xc8d09},
{0x3b5288,0xd643e},
{0x3b5290,0xd423b},
{0x3b5298,0xc28c8},
{0x3b52a0,0xd96b5},
{0x3b52a8,0xc23b8},
{0x3b52b0,0xc34a0},
{0x3b52b8,0xcdc97},
{0x3b52c0,0xc97f6},
{0x3b52c8,0xd028b},
{0x3b52d0,0xcaeff},
{0x3b52d8,0xc8d09},
{0x3b52e0,0xd643e},
{0x3b52e8,0xd423b},
{0x3b52f0,0xd3e50},
{0x3b52f8,0xc34a2},
{0x3b5300,0xcfed0},
{0x3b5308,0xc5c4f},
{0x3b5310,0xc5c4f},
{0x3b5318,0xc97f6},
{0x3b5320,0xd028b},
{0x3b5328,0xcaeff},
{0x3b5330,0xc8d09},
{0x3b5338,0xc5c4f},
{0x3b5340,0xc5c4f},
{0x3b5348,0xc28c8},
{0x3b5350,0xd96b5},
{0x3b5358,0xd3ea5},
{0x3b5360,0xc35f5},
{0x3b5368,0xd028b},
{0x3b5370,0xd4ef2},
{0x3b5378,0xc97f6},
{0x3b5380,0xcaeff},
{0x3b5388,0xc8d09},
{0x3b5390,0xcdd7a},
{0x3b5398,0xd08f3},
{0x3b53a0,0xc5c4f},
{0x3b53a8,0xd96b5},
{0x3b53b0,0xd96bb},
{0x3b53b8,0xc34a0},
{0x3b53c0,0xcdc97},
{0x3b53c8,0xc97f6},
{0x3b53d0,0xd028b},
{0x3b53d8,0xcaeff},
{0x3b53e0,0xc8d09},
{0x3b53e8,0xc5c4f},
{0x3b53f0,0xcdd7a},
{0x3b53f8,0xc5c4f},
{0x3b5400,0xd96b5},
{0x3b5408,0xd3e7e},
{0x3b5410,0xd4ef5},
{0x3b5418,0xc1c58},
{0x3b5420,0xc993c},
{0x3b5428,0xc3ff6},
{0x3b5430,0xc101c},
{0x3b5438,0xcebc0},
{0x3b5440,0xd7d2a},
{0x3b5448,0xd4ec3},
{0x3b5450,0xc28c8},
{0x3b5458,0xd96b5},
{0x3b5460,0xd7824},
{0x3b5468,0xd4ef5},
{0x3b5470,0xc1c58},
{0x3b5478,0xc993c},
{0x3b5480,0xc3ff6},
{0x3b5488,0xc101c},
{0x3b5490,0xcebc0},
{0x3b5498,0xd7d2a},
{0x3b54a0,0xd4ec3},
{0x3b54a8,0xc28c8},
{0x3b54b0,0xd96b5},
{0x3b54b8,0xccc35},
{0x3b54c0,0xd4ef5},
{0x3b54c8,0xc1c58},
{0x3b54d0,0xc993c},
{0x3b54d8,0xc3ff6},
{0x3b54e0,0xcaeff},
{0x3b54e8,0xc8d09},
{0x3b54f0,0xc5c4f},
{0x3b54f8,0xc5c4f},
{0x3b5500,0xc28c8},
{0x3b5508,0xd96b5},
{0x3b5510,0xd4ef7},
{0x3b5518,0xcdc97},
{0x3b5520,0xc97f6},
{0x3b5528,0xd08f3},
{0x3b5530,0xd028b},
{0x3b5538,0xc34a0},
{0x3b5540,0xcdd7a},
{0x3b5548,0xc5c4f},
{0x3b5550,0xc5c4f},
{0x3b5558,0xd7d2d},
{0x3b5560,0xd96b5},
{0x3b5568,0xd55fe},
{0x3b5570,0xcdc97},
{0x3b5578,0xc97f6},
{0x3b5580,0xd08f3},
{0x3b5588,0xd028b},
{0x3b5590,0xc34a0},
{0x3b5598,0xcdd7a},
{0x3b55a0,0xcaeff},
{0x3b55a8,0xc8d09},
{0x3b55b0,0xc5c4f},
{0x3b55b8,0xd96b5},
{0x3b55c0,0xc3ff9},
{0x3b55c8,0xc5c4f},
{0x3b55d0,0xc5c4f},
{0x3b55d8,0xc4c01},
{0x3b55e0,0xcd45f},
{0x3b55e8,0xc5c4f},
{0x3b55f0,0xc5c4f},
{0x3b55f8,0xc5c4f},
{0x3b5600,0xc5c4f},
{0x3b5608,0xc5c4f},
{0x3b5610,0xd96b5},
{0x3b5618,0xd21dd},
{0x3b5620,0xcdc97},
{0x3b5628,0xc34a0},
{0x3b5630,0xd028b},
{0x3b5638,0xc97f6},
{0x3b5640,0xc5c4f},
{0x3b5648,0xc5c4f},
{0x3b5650,0xcaeff},
{0x3b5658,0xc8d09},
{0x3b5660,0xc5c4f},
{0x3b5668,0xd96b5},
{0x3b5670,0xc7246},
{0x3b5678,0xcdd7c},
{0x3b5680,0xd08f3},
{0x3b5688,0xd028b},
{0x3b5690,0xc97f6},
{0x3b5698,0xc5c4f},
{0x3b56a0,0xc5c4f},
{0x3b56a8,0xc5c4f},
{0x3b56b0,0xc5c4f},
{0x3b56b8,0xcba34},
{0x3b56c0,0xd96b5},
{0x3b56c8,0xc5df6},
{0x3b56d0,0xc5c4f},
{0x3b56d8,0xc5c4f},
{0x3b56e0,0xd028b},
{0x3b56e8,0xc97f6},
{0x3b56f0,0xc5c4f},
{0x3b56f8,0xc5c4f},
{0x3b5700,0xc5c4f},
{0x3b5708,0xc5c4f},
{0x3b5710,0xc5c4f},
{0x3b5718,0xd423e},
{0x3b5720,0xd6441},
{0x3b5728,0xcebc3},
{0x3b5730,0xc403b},
{0x3b5738,0xc28cf},
{0x3b5740,0xd7d32},
{0x3b5748,0xd7011},
{0x3b5750,0xd7014},
{0x3b5758,0xc5c4f},
{0x3b5760,0xc5c4f},
{0x3b5768,0xcba34},
{0x3b5770,0xd96b5},
{0x3b5778,0xd4f40},
{0x3b5780,0xcc714},
{0x3b5788,0xcc716},
{0x3b5790,0xc4c01},
{0x3b5798,0xcd45f},
{0x3b57a0,0xc101f},
{0x3b57a8,0xca183},
{0x3b57b0,0xc5c4f},
{0x3b57b8,0xc5c4f},
{0x3b57c0,0xcba34},
{0x3b57c8,0xd96b5},
{0x3b57d0,0xd7017},
{0x3b57d8,0xc5c4f},
{0x3b57e0,0xc5c4f},
{0x3b57e8,0xd706f},
{0x3b57f0,0xd7071},
{0x3b57f8,0xc5c4f},
{0x3b5800,0xc5c4f},
{0x3b5808,0xc5c4f},
{0x3b5810,0xc5c4f},
{0x3b5818,0xc28c8},
{0x3b5820,0xd6471},
{0x3b5828,0xd58b6},
{0x3b5830,0xc5c4f},
{0x3b5838,0xc5c4f},
{0x3b5840,0xc5c4f},
{0x3b5848,0xd03cd},
{0x3b5850,0xc5c4f},
{0x3b5858,0xc5c4f},
{0x3b5860,0xc5c4f},
{0x3b5868,0xc5c4f},
{0x3b5870,0xc28c8},
{0x3b5878,0xcf82f},
{0x3b5880,0xd6a7a},
{0x3b5888,0xc5c4f},
{0x3b5890,0xc5c4f},
{0x3b5898,0xc97f6},
{0x3b58a0,0xd028b},
{0x3b58a8,0xc5c4f},
{0x3b58b0,0xc5c4f},
{0x3b58b8,0xc5c4f},
{0x3b58c0,0xc5c4f},
{0x3b58c8,0xc28c8},
{0x3b58d0,0xd96b5},
{0x3b58d8,0xc28d2},
{0x3b58e0,0xc5c4f},
{0x3b58e8,0xc5c4f},
{0x3b58f0,0xc97f6},
{0x3b58f8,0xd028b},
{0x3b5900,0xc5c4f},
{0x3b5908,0xc5c4f},
{0x3b5910,0xc5c4f},
{0x3b5918,0xc5c4f},
{0x3b5920,0xc5c4f},
{0x3b5928,0xd96b5},
{0x3b5930,0xcd69f},
{0x3b5938,0xc5c4f},
{0x3b5940,0xd08f3},
{0x3b5948,0xc97f6},
{0x3b5950,0xd028b},
{0x3b5958,0xc5c4f},
{0x3b5960,0xc5c4f},
{0x3b5968,0xc5c4f},
{0x3b5970,0xc5c4f},
{0x3b5978,0xd423e},
{0x3b5980,0xcd132},
{0x3b5ae8,0x2bef7c},
{0x3b5af8,0x2bef88},
{0x3b5e08,0xe5de8},
{0x3b6410,0x3b6460},
{0x3b6418,0x258c10},
{0x3b6420,0x2ccb40},
{0x3b6428,0x2ccb44},
{0x3b6430,0x2ccb78},
{0x3b6438,0x2ccb8c},
{0x3b6440,0x2ccb90},
{0x3b6448,0x2ccb94},
{0x3b6450,0x2ccbd8},
{0x3b6458,0x2ccbf4},
{0x3b6468,0xe5e48},
{0x3b6480,0xe5eb5},
{0x3b6490,0x3b64e0},
{0x3b6498,0x1613c4},
{0x3b64a0,0x2ccc00},
{0x3b64a8,0x2ccc04},
{0x3b64b0,0x2ccc38},
{0x3b64b8,0x2ccc4c},
{0x3b64c0,0x2ccc50},
{0x3b64c8,0x2ccc54},
{0x3b64d0,0x2ccc88},
{0x3b64d8,0x2ccca4},
{0x3b64e8,0xe5eeb},
{0x3b6500,0xe5f58},
{0x3b6510,0x3b6560},
{0x3b6518,0x258c10},
{0x3b6520,0x2cccb0},
{0x3b6528,0x2cccb4},
{0x3b6530,0x2ccce8},
{0x3b6538,0x2cccfc},
{0x3b6540,0x2ccd00},
{0x3b6548,0x2ccd04},
{0x3b6550,0x2ccd54},
{0x3b6558,0x2ccd70},
{0x3b6568,0xe5f8e},
{0x3b6580,0xe5ffb},
{0x3b6590,0x3b65e0},
{0x3b6598,0x1613c4},
{0x3b65a0,0x2ccd7c},
{0x3b65a8,0x2ccd80},
{0x3b65b0,0x2ccdb4},
{0x3b65b8,0x2ccdc8},
{0x3b65c0,0x2ccdcc},
{0x3b65c8,0x2ccdd0},
{0x3b65d0,0x2ccddc},
{0x3b65d8,0x2ccdf8},
{0x3b65e8,0xe6031},
{0x3b6600,0xe609e},
{0x3b6b00,0x2d1f64},
{0x3b6b08,0x2d1fec},
{0x3b6b10,0x2d2008},
{0x3b7020,0xc4123},
{0x3b7030,0xc99db},
{0x3b7038,0xc65f8},
{0x3b7040,0xc29bc},
{0x3b7050,0xc29c1},
{0x3b7058,0xc660b},
{0x3b7060,0xd651d},
{0x3b7070,0xc3623},
{0x3b7078,0xd70ce},
{0x3b7080,0xd70e3},
{0x3b7090,0xd0ef8},
{0x3b7098,0xc4c62},
{0x3b70a0,0xd96b5},
{0x3b70b0,0xd60a7},
{0x3b70b8,0xc1c97},
{0x3b70c0,0xc28c8},
{0x3b70d0,0xd70e9},
{0x3b70d8,0xd503c},
{0x3b70e0,0xc97f6},
{0x3b70f0,0xd70f0},
{0x3b70f8,0xc1d77},
{0x3b7100,0xd028b},
{0x3b7110,0xd9764},
{0x3b7118,0xd7ec8},
{0x3b7120,0xc34a0},
{0x3b7130,0xc99e4},
{0x3b7138,0xd5079},
{0x3b7140,0xcdc97},
{0x3b7150,0xcf8e3},
{0x3b7158,0xc814a},
{0x3b7160,0xc362e},
{0x3b7170,0xcc799},
{0x3b7178,0xcaf4f},
{0x3b7180,0xc99f5},
{0x3b7190,0xd432f},
{0x3b7198,0xcc754},
{0x3b71a0,0xd0f04},
{0x3b71b0,0xd59a5},
{0x3b71b8,0xcf8f3},
{0x3b71c0,0xd6522},
{0x3b71d0,0xc1120},
{0x3b71d8,0xc8d89},
{0x3b71e0,0xc7309},
{0x3b71f0,0xcf908},
{0x3b71f8,0xd27ef},
{0x3b7200,0xc1d8f},
{0x3b7210,0xd59b2},
{0x3b7218,0xd27ef},
{0x3b7220,0xc4126},
{0x3b7230,0xcf913},
{0x3b7238,0xc29cc},
{0x3b7240,0xca248},
{0x3b7250,0xc8162},
{0x3b7258,0xd7100},
{0x3b7260,0xd5092},
{0x3b7270,0xcde3b},
{0x3b7278,0xcaf71},
{0x3b7280,0xd0420},
{0x3b7290,0xc8d9e},
{0x3b7298,0xd0430},
{0x3b72a0,0xcaf88},
{0x3b72b0,0xd652f},
{0x3b72b8,0xc29cc},
{0x3b72c0,0xd7117},
{0x3b72d0,0xd0448},
{0x3b72d8,0xd7100},
{0x3b72e0,0xc8db0},
{0x3b72f0,0xd2807},
{0x3b72f8,0xcaf71},
{0x3b7300,0xc5636},
{0x3b7310,0xc4133},
{0x3b7318,0xd0430},
{0x3b7320,0xd0eeb},
{0x3b7330,0xc6620},
{0x3b7338,0xc29e1},
{0x3b7360,0x3b73b0},
{0x3b7368,0x2dae5c},
{0x3b7370,0x2daeb8},
{0x3b7378,0x2daf14},
{0x3b7380,0x2daf74},
{0x3b7388,0x2dafbc},
{0x3b7390,0x2db00c},
{0x3b7398,0x2db05c},
{0x3b73a0,0x2db2dc},
{0x3b73a8,0x2db2f8},
{0x3b73b8,0xe624d},
{0x3b73d0,0xe62d3},
{0x3b73e0,0x3b7430},
{0x3b73e8,0x1bc364},
{0x3b73f0,0x2db304},
{0x3b73f8,0x2db308},
{0x3b7400,0x2db33c},
{0x3b7408,0x2db350},
{0x3b7410,0x2db354},
{0x3b7418,0x2db358},
{0x3b7420,0x2db388},
{0x3b7428,0x2db3a4},
{0x3b7438,0xe6321},
{0x3b7450,0xe63ab},
{0x3b7460,0x3b74b0},
{0x3b7468,0x2db3b0},
{0x3b7470,0x2db3f0},
{0x3b7478,0x2db448},
{0x3b7480,0x2db4d8},
{0x3b7488,0x2db558},
{0x3b7490,0x2db58c},
{0x3b7498,0x2db5d8},
{0x3b74a0,0x2db624},
{0x3b74a8,0x2db640},
{0x3b74b8,0xe63f9},
{0x3b74d0,0xe6476},
{0x3b74e0,0x3b7530},
{0x3b74e8,0x2db64c},
{0x3b74f0,0x2db68c},
{0x3b74f8,0x2db6e4},
{0x3b7500,0x2db774},
{0x3b7508,0x2db7f4},
{0x3b7510,0x2db828},
{0x3b7518,0x2db874},
{0x3b7520,0x2dbe70},
{0x3b7528,0x2dbe8c},
{0x3b7538,0xe64c4},
{0x3b7550,0x3b75a0},
{0x3b7558,0x2dbe98},
{0x3b7560,0x2dbed8},
{0x3b7568,0x2dbf30},
{0x3b7570,0x2dbfc0},
{0x3b7578,0x2dc040},
{0x3b7580,0x2dc074},
{0x3b7588,0x2dc0c0},
{0x3b7590,0x2dc210},
{0x3b7598,0x2dc22c},
{0x3b75a8,0xe6541},
{0x3b75c0,0xe65cb},
{0x3b75d0,0x3b7620},
{0x3b75d8,0x2dc238},
{0x3b75e0,0x2dc278},
{0x3b75e8,0x2dc2d0},
{0x3b75f0,0x2dc360},
{0x3b75f8,0x2dc3e0},
{0x3b7600,0x2dc414},
{0x3b7608,0x2dc460},
{0x3b7610,0x2dc558},
{0x3b7618,0x2dc574},
{0x3b7628,0xe6626},
{0x3b7640,0xe66b1},
{0x3b7650,0xe670d},
{0x3b7770,0x2dda10},
{0x3b7778,0x2ddaac},
{0x3b7780,0x2ddb38},
{0x3b7788,0x2ddb6c},
{0x3b7790,0x2ddbb8},
{0x3b7798,0x2ddbdc},
{0x3b77a0,0x2ddbf8},
{0x3b7918,0x2deee4},
{0x3b7928,0x2deef0},
{0x3b7950,0x3b79a0},
{0x3b7958,0x2deef4},
{0x3b7960,0x2def34},
{0x3b7968,0x2def8c},
{0x3b7970,0x2df01c},
{0x3b7978,0x2df09c},
{0x3b7980,0x2df0d0},
{0x3b7988,0x2df11c},
{0x3b7990,0x2df1f8},
{0x3b7998,0x2df214},
{0x3b79a8,0xe68f9},
{0x3b79c0,0xe69a6},
{0x3b79d0,0x3b7a20},
{0x3b79d8,0x1613c4},
{0x3b79e0,0x2df220},
{0x3b79e8,0x2df224},
{0x3b79f0,0x2df258},
{0x3b79f8,0x2df26c},
{0x3b7a00,0x2df270},
{0x3b7a08,0x2df274},
{0x3b7a10,0x2df28c},
{0x3b7a18,0x2df2a8},
{0x3b7a28,0xe6a2f},
{0x3b7a40,0xe6adc},
{0x3b7b90,0xc822b},
{0x3b7b98,0xd0f55},
{0x3b7ba0,0xd5a4e},
{0x3b7c00,0x2e9b44},
{0x3b7c08,0x2e9b5c},
{0x3b7c10,0x2e9b78},
{0x3b7c30,0xd2832},
{0x3b7c40,0x2f7064},
{0x3b7c50,0x2f7088},
{0x3b7c60,0x2f70ac},
{0x3b7c70,0x2f71c4},
{0x3b7c80,0x2f7294},
{0x3b7c90,0x2f7360},
{0x3b7ca0,0x2f73b0},
{0x3b7cb0,0x2f7400},
{0x3b7cc0,0x2f7518},
{0x3b7ce0,0x2f8050},
{0x3b7ce8,0x2f8550},
{0x3b7cf8,0x2f8598},
{0x3b7d00,0x2f85b4},
{0x3b7d08,0x2f8620},
{0x3b7d40,0x2f8cc4},
{0x3b7d48,0x2f8cf8},
{0x3b7d58,0xe91e8},
{0x3b7d60,0xe91f8},
{0x3b7d70,0xd0604},
{0x3b7d80,0xe9208},
{0x3b7d88,0xe9240},
{0x3b7d98,0xcc86e},
{0x3b7da8,0xe92e0},
{0x3b7db0,0xe92f8},
{0x3b7dc0,0xca2aa},
{0x3b7dd0,0xe9308},
{0x3b7dd8,0xe9318},
{0x3b7de8,0xd4389},
{0x3b7df8,0xe9328},
{0x3b7e00,0xe9338},
{0x3b7e10,0xd327f},
{0x3b7e20,0xe9348},
{0x3b7e28,0xe9358},
{0x3b7e38,0xc2b22},
{0x3b7e48,0xe9390},
{0x3b7e50,0xe93a0},
{0x3b7e60,0xd3287},
{0x3b7e70,0xe93b0},
{0x3b7e78,0xe93c0},
{0x3b7e88,0xc671d},
{0x3b7e98,0xe93e0},
{0x3b7ea0,0xe93f8},
{0x3b7eb0,0xd0f85},
{0x3b7ec0,0xe9400},
{0x3b7ec8,0xe9410},
{0x3b7ed8,0xc3692},
{0x3b7ee8,0xe9418},
{0x3b7ef0,0xe9430},
{0x3b7f00,0xc8e10},
{0x3b7f10,0xe9438},
{0x3b7f18,0xe9448},
{0x3b7f28,0xcd214},
{0x3b7f38,0xe9458},
{0x3b7f40,0xe9468},
{0x3b7f50,0xd8a1a},
{0x3b7f60,0xe9470},
{0x3b7f68,0xe94a0},
{0x3b7f78,0xcf9c9},
{0x3b7f88,0xe94c8},
{0x3b7f90,0xe9500},
{0x3b7fa0,0xd97b4},
{0x3b7fb0,0xe9548},
{0x3b7fb8,0xe9558},
{0x3b7fc8,0xc9a32},
{0x3b7fd8,0xe9560},
{0x3b7fe0,0xe9588},
{0x3b7ff0,0xd5a88},
{0x3b8000,0xe9598},
{0x3b8008,0xe95b0},
{0x3b8018,0xcc877},
{0x3b8028,0xe95b8},
{0x3b8030,0xe95d0},
{0x3b8040,0xcb04b},
{0x3b8050,0xe95d8},
{0x3b8058,0xe95f0},
{0x3b8068,0xc1e5e},
{0x3b8078,0xe9600},
{0x3b8080,0xe9610},
{0x3b8090,0xd7160},
{0x3b80a0,0xe9618},
{0x3b80a8,0xe9630},
{0x3b80b8,0xd716f},
{0x3b80c8,0xe9670},
{0x3b80d0,0xe9680},
{0x3b80e0,0xcf9cf},
{0x3b80f0,0xe96b8},
{0x3b80f8,0xe96c8},
{0x3b8108,0xc369c},
{0x3b8118,0xe96f8},
{0x3b8120,0xe9710},
{0x3b8130,0xd060e},
{0x3b8140,0xe9740},
{0x3b8148,0xe9750},
{0x3b8158,0xd5a8c},
{0x3b8168,0xe97a8},
{0x3b8170,0xe97b8},
{0x3b8180,0xd5a94},
{0x3b8190,0xe97e0},
{0x3b8198,0xe97f0},
{0x3b81a8,0xc672c},
{0x3b81b8,0xe9760},
{0x3b81c0,0xe9770},
{0x3b81d0,0xc2b2a},
{0x3b81e0,0xe97f8},
{0x3b81e8,0xe9808},
{0x3b81f8,0xc8e1c},
{0x3b8208,0xe9828},
{0x3b8210,0xe9930},
{0x3b8220,0xd51c7},
{0x3b8230,0xe99b8},
{0x3b8238,0xe99d8},
{0x3b8248,0xc826c},
{0x3b8258,0xe99e0},
{0x3b8260,0xe9a50},
{0x3b8270,0xcecbe},
{0x3b8280,0xe9a58},
{0x3b8288,0xe9a68},
{0x3b8298,0xc11f2},
{0x3b82a8,0xe9a70},
{0x3b82b0,0xe9a80},
{0x3b82c0,0xca2b0},
{0x3b82d0,0xe9aa8},
{0x3b82d8,0xe9ab8},
{0x3b82e8,0xca2b8},
{0x3b82f8,0xe9ac0},
{0x3b8300,0xe9ad8},
{0x3b8310,0xc9a3c},
{0x3b8320,0xe9af0},
{0x3b8328,0xe9b10},
{0x3b8338,0xcecca},
{0x3b8348,0xe9b78},
{0x3b8350,0xe9b88},
{0x3b8360,0xc2b32},
{0x3b8370,0xe9ba0},
{0x3b8378,0xe9ba8},
{0x3b8388,0xc5c4f},
{0x3b8398,0xe9bb0},
{0x3b83a0,0xe9bc0},
{0x3b83b0,0xd438e},
{0x3b83c0,0xe9bc8},
{0x3b83c8,0xe9bd8},
{0x3b83d8,0xd6742},
{0x3b83e8,0xe9be0},
{0x3b83f0,0xe9bf0},
{0x3b8400,0xc1e66},
{0x3b8410,0xe9bf8},
{0x3b8418,0xe9c08},
{0x3b8428,0xc1e70},
{0x3b8438,0xe9c10},
{0x3b8440,0xe9c20},
{0x3b8450,0xc11f6},
{0x3b8460,0xe9c28},
{0x3b8468,0xe9c38},
{0x3b8478,0xd328f},
{0x3b8488,0xe9c50},
{0x3b8490,0xe9c60},
{0x3b84a0,0xc8e20},
{0x3b84b0,0xe9c68},
{0x3b84b8,0xe9c78},
{0x3b84c8,0xcf9d7},
{0x3b84d8,0xe9c90},
{0x3b84e0,0xe9ca8},
{0x3b84f0,0xcb057},
{0x3b8500,0xe9cc0},
{0x3b8508,0xe9cd0},
{0x3b8518,0xc11fb},
{0x3b8528,0xe9cf0},
{0x3b8530,0xe9d00},
{0x3b8540,0xc8e25},
{0x3b8550,0xe9d30},
{0x3b8558,0xe9d40},
{0x3b8568,0xd5a98},
{0x3b8578,0xe9da0},
{0x3b8580,0xe9db0},
{0x3b8590,0xc5722},
{0x3b85a0,0xe9d70},
{0x3b85a8,0xe9d80},
{0x3b85b8,0xd7175},
{0x3b85c8,0xe9db8},
{0x3b85d0,0xe9dc8},
{0x3b85e0,0xc2b38},
{0x3b85f0,0xe9dd0},
{0x3b85f8,0xe9de0},
{0x3b8608,0xcbce7},
{0x3b8618,0xe9e00},
{0x3b8620,0xe9e10},
{0x3b8630,0xcbce7},
{0x3b8640,0xe9e48},
{0x3b8648,0xe9e58},
{0x3b8658,0xcbce7},
{0x3b8668,0xe9e80},
{0x3b8670,0xe9e90},
{0x3b8680,0xcbce7},
{0x3b8690,0xe9ee0},
{0x3b8698,0xe9ff0},
{0x3b86a8,0xc9a44},
{0x3b86b0,0x3b7d10},
{0x3b86b8,0x3b8bc0},
{0x3b86c0,0x3b7cd0},
{0x3b86c8,0x3b8b80},
{0x3b86d8,0x3b7d50},
{0x3b86e0,0x3b7d78},
{0x3b86e8,0x3b7da0},
{0x3b86f0,0x3b7dc8},
{0x3b86f8,0x3b7df0},
{0x3b8700,0x3b7e18},
{0x3b8708,0x3b7e40},
{0x3b8710,0x3b7e68},
{0x3b8718,0x3b7e90},
{0x3b8720,0x3b7eb8},
{0x3b8728,0x3b7ee0},
{0x3b8730,0x3b7f08},
{0x3b8738,0x3b7f30},
{0x3b8740,0x3b7f58},
{0x3b8748,0x3b7f80},
{0x3b8750,0x3b7fa8},
{0x3b8758,0x3b7fd0},
{0x3b8760,0x3b7ff8},
{0x3b8768,0x3b8020},
{0x3b8770,0x3b8048},
{0x3b8778,0x3b8070},
{0x3b8780,0x3b8098},
{0x3b8788,0x3b80c0},
{0x3b8790,0x3b80e8},
{0x3b8798,0x3b8110},
{0x3b87a0,0x3b8138},
{0x3b87a8,0x3b8160},
{0x3b87b0,0x3b8188},
{0x3b87b8,0x3b81b0},
{0x3b87c0,0x3b81d8},
{0x3b87c8,0x3b8200},
{0x3b87d0,0x3b8228},
{0x3b87d8,0x3b8250},
{0x3b87e0,0x3b8278},
{0x3b87e8,0x3b82a0},
{0x3b87f0,0x3b82c8},
{0x3b87f8,0x3b82f0},
{0x3b8800,0x3b8318},
{0x3b8808,0x3b8340},
{0x3b8810,0x3b8368},
{0x3b8818,0x3b8390},
{0x3b8820,0x3b83b8},
{0x3b8828,0x3b83e0},
{0x3b8830,0x3b8408},
{0x3b8838,0x3b8430},
{0x3b8840,0x3b8458},
{0x3b8848,0x3b8480},
{0x3b8850,0x3b84a8},
{0x3b8858,0x3b84d0},
{0x3b8860,0x3b84f8},
{0x3b8868,0x3b8520},
{0x3b8870,0x3b8548},
{0x3b8878,0x3b8570},
{0x3b8880,0x3b8598},
{0x3b8888,0x3b85c0},
{0x3b8890,0x3b85e8},
{0x3b8898,0x3b8610},
{0x3b88a0,0x3b8638},
{0x3b88a8,0x3b8660},
{0x3b88b0,0x3b8688},
{0x3b88c0,0xe8b1c},
{0x3b88c8,0xe8b30},
{0x3b88d0,0xe8b44},
{0x3b88d8,0xe8b58},
{0x3b88e0,0xe8b6c},
{0x3b88e8,0xe8b80},
{0x3b88f0,0xe8b94},
{0x3b88f8,0xe8ba8},
{0x3b8900,0xe8bbc},
{0x3b8908,0xe8bd0},
{0x3b8910,0xe8be4},
{0x3b8918,0xe8bf8},
{0x3b8920,0xe8c0c},
{0x3b8928,0xe8c20},
{0x3b8930,0xe8c34},
{0x3b8938,0xe8c48},
{0x3b8940,0xe8c5c},
{0x3b8948,0xe8c70},
{0x3b8950,0xe8c84},
{0x3b8958,0xe8c98},
{0x3b8960,0xe8cac},
{0x3b8968,0xe8cc0},
{0x3b8970,0xe8cd4},
{0x3b8978,0xe8ce8},
{0x3b8980,0xe8cfc},
{0x3b8988,0xe8d10},
{0x3b8990,0xe8d24},
{0x3b8998,0xe8d38},
{0x3b89a0,0xe8d4c},
{0x3b89a8,0xe8d60},
{0x3b89b0,0xe8d74},
{0x3b89b8,0xe8d88},
{0x3b89c0,0xe8d9c},
{0x3b89c8,0xe8db0},
{0x3b89d0,0xe8dc4},
{0x3b89d8,0xe8dd8},
{0x3b89e0,0xe8dec},
{0x3b89e8,0xe8e00},
{0x3b89f0,0xe8e14},
{0x3b89f8,0xe8e28},
{0x3b8a00,0xe8e3c},
{0x3b8a08,0xe8e50},
{0x3b8a10,0xe8e64},
{0x3b8a18,0xe8e78},
{0x3b8a20,0xe8e8c},
{0x3b8a28,0xe8ea0},
{0x3b8a30,0xe8eb4},
{0x3b8a38,0xe8ec8},
{0x3b8a40,0xe8edc},
{0x3b8a48,0xe8ef0},
{0x3b8a50,0xe8f04},
{0x3b8a58,0xe8f18},
{0x3b8a60,0xe8f2c},
{0x3b8a68,0xe8f40},
{0x3b8a70,0xe8f54},
{0x3b8a78,0xe8f68},
{0x3b8a80,0xe8f7c},
{0x3b8a88,0xe8f90},
{0x3b8a90,0xe8fa4},
{0x3b8a98,0xe8fb8},
{0x3b8aa0,0xe8fcc},
{0x3b8aa8,0xe8fe0},
{0x3b8ab0,0xe8ff4},
{0x3b8ab8,0xe9008},
{0x3b8ac0,0xe901c},
{0x3b8ac8,0xe9030},
{0x3b8ad0,0xe9044},
{0x3b8ad8,0xe9058},
{0x3b8ae0,0xe906c},
{0x3b8ae8,0xe9080},
{0x3b8af0,0xe9094},
{0x3b8af8,0xe90a8},
{0x3b8b00,0xe90bc},
{0x3b8b08,0xe90d0},
{0x3b8b10,0xe90e4},
{0x3b8b18,0xe90f8},
{0x3b8b20,0xe910c},
{0x3b8b28,0xe9120},
{0x3b8b30,0xe9134},
{0x3b8b38,0xe9148},
{0x3b8b40,0xe915c},
{0x3b8b48,0xe9170},
{0x3b8b50,0xe9184},
{0x3b8b58,0xe9198},
{0x3b8b60,0xe91ac},
{0x3b8b68,0xe91c0},
{0x3b8b70,0xe91d4},
{0x3b8b90,0x2f8d70},
{0x3b8b98,0x2f8eb4},
{0x3b8ba8,0x2f8efc},
{0x3b8bb0,0x2f8f18},
{0x3b8bb8,0x2f8f84},
{0x3b8bd0,0x2f8f88},
{0x3b8bd8,0x2f9ed8},
{0x3b8be8,0x2f9f1c},
{0x3b8bf0,0x2f9f38},
{0x3b8bf8,0x2f9fbc},
{0x3b8c18,0x2faa6c},
{0x3b8c30,0xd3297},
{0x3b8c48,0x3b8c00},
{0x3b8c50,0x2fb104},
{0x3b8c58,0x2fb13c},
{0x3b8c60,0x2fb140},
{0x3b8c68,0xd6737},
{0x3b8c70,0x3b8c88},
{0x3b8c88,0x2ff9bc},
{0x3b8c90,0x2ffdbc},
{0x3b8ca8,0xceca3},
{0x3b8cc8,0x2fffa8},
{0x3b8cd0,0x2fffbc},
{0x3b8cd8,0x2fffc0},
{0x3b8cf8,0x300034},
{0x3b8d00,0x3002b0},
{0x3b8d08,0x300374},
{0x3b8d10,0x300394},
{0x3b8d18,0x3003b8},
{0x3b8d28,0x3003c4},
{0x3b8d30,0x3010f8},
{0x3b8d40,0x30113c},
{0x3b8d48,0x30128c},
{0x3b8d50,0x3013d4},
{0x3b8d58,0xcec97},
{0x3b8d60,0xcd21c},
{0x3b8d68,0xc8274},
{0x3b8d70,0x3b8dc8},
{0x3b8d78,0xd7f10},
{0x3b8d80,0x3b8e60},
{0x3b8d88,0xd8a0a},
{0x3b8d90,0xea390},
{0x3b8d98,0xc75e9},
{0x3b8da0,0x3b8ea8},
{0x3b8da8,0xd6737},
{0x3b8db0,0x3b8eb0},
{0x3b8dd8,0x305e78},
{0x3b8de0,0x305e80},
{0x3b8de8,0x305fc0},
{0x3b8df0,0x306780},
{0x3b8df8,0x3069cc},
{0x3b8e00,0x306b0c},
{0x3b8e08,0x306c38},
{0x3b8e20,0x306c80},
{0x3b8e28,0x306cac},
{0x3b8e30,0x306f78},
{0x3b8e38,0x307410},
{0x3b8e40,0x3078ec},
{0x3b8e48,0x3079c4},
{0x3b8e50,0x307a04},
{0x3b8e58,0x307a60},
{0x3b8e60,0x30a1f0},
{0x3b8e78,0x30a2c4},
{0x3b8e98,0x30a398},
{0x3b8ea0,0x30a52c},
{0x3b8ea8,0x30a804},
{0x3b8eb0,0x30a8dc},
{0x3b8eb8,0x30a97c},
{0x3b8ec0,0x30e464},
{0x3b8ec8,0x30e3c4},
{0x3b8ed0,0x30e4a8},
{0x3b8ed8,0x30e434},
{0x3b8ee0,0x30e3fc},
{0x3b8ee8,0x30e3a0},
{0x3b8ef0,0x30e4e0},
{0x3b8ef8,0x30e548},
{0x3b8f10,0xc4d3a},
{0x3b8f30,0x310dc8},
{0x3b8f38,0x310e68},
{0x3b8f40,0x310e6c},
{0x3b8f60,0x310e78},
{0x3b8f68,0x311de4},
{0x3b8f70,0x311f90},
{0x3b8f78,0x312044},
{0x3b8f80,0x3120bc},
{0x3b8f88,0x31210c},
{0x3b8f90,0x31211c},
{0x3b8f98,0x312530},
{0x3b8fa0,0x3125c0},
{0x3b8fa8,0x312818},
{0x3b8fb0,0x312978},
{0x3b8fc0,0xca289},
{0x3b8fc8,0x3b9040},
{0x3b8fd0,0xd325f},
{0x3b8fd8,0x3b9048},
{0x3b8fe0,0xcec97},
{0x3b8fe8,0xcb034},
{0x3b8ff0,0xd8a24},
{0x3b8ff8,0x3b9058},
{0x3b9000,0xd6737},
{0x3b9008,0x3b9080},
{0x3b9010,0xcf9a9},
{0x3b9018,0x3b9090},
{0x3b9020,0xc8274},
{0x3b9028,0x3b9098},
{0x3b9040,0x312a1c},
{0x3b9048,0x312a24},
{0x3b9050,0x312a50},
{0x3b9058,0x312aac},
{0x3b9060,0x312ad4},
{0x3b9068,0x312ae4},
{0x3b9070,0x312aec},
{0x3b9078,0x312b34},
{0x3b9080,0x2f36b0},
{0x3b9088,0x2f3a44},
{0x3b9090,0x3130f0},
{0x3b9098,0x3131cc},
{0x3b90a0,0x31323c},
{0x3b90a8,0x313480},
{0x3b90b0,0x313590},
{0x3b90b8,0x313694},
{0x3b90c0,0x3139c4},
{0x3b90c8,0x313a8c},
{0x3b90d0,0x313c04},
{0x3b90e0,0x313c98},
{0x3b90e8,0x313de8},
{0x3b9128,0x313ecc},
{0x3b9138,0xcc2f2},
{0x3b9170,0xcd225},
{0x3b91a8,0xc4d4f},
{0x3b91e0,0xcdf51},
{0x3b9218,0xc11ff},
{0x3b9250,0xc8e2d},
{0x3b9288,0xc8e39},
{0x3b92c0,0xcf9db},
{0x3b92f8,0xc4d58},
{0x3b9330,0xd32a8},
{0x3b9368,0xd7f23},
{0x3b93a0,0xc8e46},
{0x3b93d8,0xc36b8},
{0x3b9410,0xd7181},
{0x3b9448,0xc4255},
{0x3b9480,0xd8a3a},
{0x3b94b8,0xc8282},
{0x3b94f0,0xc1e92},
{0x3b9528,0xc1e9d},
{0x3b9560,0xd97c0},
{0x3b9598,0xd51cd},
{0x3b95d0,0xc1ea8},
{0x3b9608,0xc6734},
{0x3b9640,0xc828b},
{0x3b9678,0xc1eae},
{0x3b96b0,0xc1206},
{0x3b96e8,0xcf9ed},
{0x3b9720,0xd32af},
{0x3b9758,0xc425f},
{0x3b9790,0xc7605},
{0x3b97c8,0xcecd6},
{0x3b9800,0xc8296},
{0x3b9838,0xd43a2},
{0x3b9870,0xd43ab},
{0x3b98a8,0xc5746},
{0x3b98e0,0xc1210},
{0x3b9918,0xc2b52},
{0x3b9928,0x314d84},
{0x3b9950,0xd718a},
{0x3b9960,0x314ee4},
{0x3b9988,0xcd22c},
{0x3b9998,0x315318},
{0x3b99c0,0xca2db},
{0x3b99d0,0x31571c},
{0x3b99f8,0xd32b9},
{0x3b9a08,0x315d78},
{0x3b9a30,0xc574a},
{0x3b9a40,0x315d88},
{0x3b9a68,0xc575f},
{0x3b9a78,0x3160f4},
{0x3b9aa0,0xc82a2},
{0x3b9ab0,0x316358},
{0x3b9ad8,0xc2b5d},
{0x3b9ae8,0x3164f0},
{0x3b9b10,0xd7f2c},
{0x3b9b20,0x31668c},
{0x3b9b80,0x316988},
{0x3b9b88,0x3169a4},
{0x3b9b90,0x3169ac},
{0x3b9b98,0x3169c8},
{0x3b9bd0,0x316a14},
{0x3b9bd8,0x316a60},
{0x3b9be0,0x316a94},
{0x3b9be8,0x316aa8},
{0x3b9c28,0xcf9b1},
{0x3b9c48,0x316abc},
{0x3b9c50,0x316b5c},
{0x3b9c58,0x316b60},
{0x3b9c78,0x316bcc},
{0x3b9c80,0x317638},
{0x3b9c88,0x3178d8},
{0x3b9c90,0x317a74},
{0x3b9c98,0x317b24},
{0x3b9ca0,0x317b78},
{0x3b9ca8,0x317b88},
{0x3b9cb0,0x318584},
{0x3b9cc0,0x3185c0},
{0x3b9cc8,0x318740},
{0x3b9cd0,0x3188dc},
{0x3b9cd8,0xcec97},
{0x3b9ce0,0xcd232},
{0x3b9ce8,0xc8274},
{0x3b9cf0,0x3b9d88},
{0x3b9cf8,0xd7f10},
{0x3b9d00,0x3b9e20},
{0x3b9d08,0xd8a24},
{0x3b9d10,0x3b9e68},
{0x3b9d18,0xca289},
{0x3b9d20,0x3b9e90},
{0x3b9d28,0xd325f},
{0x3b9d30,0x3b9e98},
{0x3b9d38,0xd672e},
{0x3b9d40,0x3b9ea8},
{0x3b9d48,0xd43af},
{0x3b9d50,0x3b9eb0},
{0x3b9d58,0xd6737},
{0x3b9d60,0x3b9ec8},
{0x3b9d68,0xd7f3b},
{0x3b9d70,0x3b9ed8},
{0x3b9d98,0x318a54},
{0x3b9da0,0x318a60},
{0x3b9da8,0x318a6c},
{0x3b9db0,0x318a78},
{0x3b9db8,0x318a84},
{0x3b9dc0,0x318a90},
{0x3b9dc8,0x318a9c},
{0x3b9dd0,0x318aa8},
{0x3b9dd8,0x318ab4},
{0x3b9de0,0x318ac0},
{0x3b9de8,0x318acc},
{0x3b9df0,0x318ad8},
{0x3b9df8,0x318ae4},
{0x3b9e00,0x318af0},
{0x3b9e08,0x318afc},
{0x3b9e10,0x318b08},
{0x3b9e18,0x318b14},
{0x3b9e20,0x318b28},
{0x3b9e58,0x318b34},
{0x3b9e68,0x318b40},
{0x3b9e70,0x318e10},
{0x3b9e78,0x318fe0},
{0x3b9e90,0x318fec},
{0x3b9e98,0x31906c},
{0x3b9ea0,0x319160},
{0x3b9ea8,0x31926c},
{0x3b9eb0,0x319304},
{0x3b9eb8,0x319430},
{0x3b9ec0,0x31945c},
{0x3b9ec8,0x2f36b0},
{0x3b9ed0,0x2f3a44},
{0x3b9ed8,0x3194a8},
{0x3b9ee0,0x3194c8},
{0x3b9ee8,0x3196d8},
{0x3b9ef0,0x319768},
{0x3b9ef8,0x3197bc},
{0x3ba090,0x319ec8},
{0x3ba0d0,0x31a394},
{0x3ba170,0x31a438},
{0x3ba1d0,0x31a4ac},
{0x3ba1f0,0x31a528},
{0x3ba590,0x319ec8},
{0x3ba630,0x31a59c},
{0x3ba650,0x31a438},
{0x3ba670,0x319ec8},
{0x3ba830,0x31a5d8},
{0x3ba850,0x31a62c},
{0x3ba8b0,0xc75e3},
{0x3ba8d0,0x31e46c},
{0x3ba8d8,0x31e50c},
{0x3ba8e0,0x31e510},
{0x3ba900,0x31e51c},
{0x3ba908,0x31f03c},
{0x3ba910,0x31f198},
{0x3ba918,0x31f25c},
{0x3ba920,0x31f2d4},
{0x3ba928,0x31f324},
{0x3ba930,0x31f334},
{0x3ba950,0x31f6a4},
{0x3ba960,0xcec97},
{0x3ba968,0xd71a2},
{0x3ba970,0xca289},
{0x3ba978,0x3ba9c0},
{0x3ba980,0xd8a24},
{0x3ba988,0x3ba9c8},
{0x3ba990,0xd43af},
{0x3ba998,0x3ba9f0},
{0x3ba9a0,0xd6737},
{0x3ba9a8,0x3baa08},
{0x3ba9c0,0x31f748},
{0x3ba9c8,0x31f76c},
{0x3ba9d0,0x31f794},
{0x3ba9f0,0x31f7a4},
{0x3ba9f8,0x31f7d0},
{0x3baa00,0x31f7e4},
{0x3baa08,0x2f36b0},
{0x3baa10,0x2f3a44},
{0x3baa20,0xcecdf},
{0x3baa58,0xcd250},
{0x3baa90,0xca2e7},
{0x3baac8,0xcc887},
{0x3bab00,0xc1eb8},
{0x3bab38,0xd0641},
{0x3bab70,0xc673a},
{0x3baba8,0xc82b1},
{0x3babe0,0xd2839},
{0x3bac18,0xc9a53},
{0x3bac50,0xcd25f},
{0x3bac88,0xd7f44},
{0x3bacc0,0xcc2f2},
{0x3bacf8,0xcd225},
{0x3bad30,0xc4d4f},
{0x3bad68,0xcdf51},
{0x3bada0,0xc11ff},
{0x3badd8,0xc8e2d},
{0x3bae10,0xc8e39},
{0x3bae48,0xcf9db},
{0x3bae80,0xc4d58},
{0x3baeb8,0xd32a8},
{0x3baef0,0xc7605},
{0x3baf28,0xcecd6},
{0x3baf60,0xc4d6b},
{0x3baf98,0xcb06e},
{0x3bafd0,0xd064c},
{0x3bb008,0xc4268},
{0x3bb040,0xcd267},
{0x3bb078,0xc8296},
{0x3bb0b0,0xd7f23},
{0x3bb0e8,0xc8e46},
{0x3bb120,0xc36b8},
{0x3bb158,0xd7181},
{0x3bb190,0xc4255},
{0x3bb1c8,0xd8a3a},
{0x3bb200,0xc8282},
{0x3bb238,0xc1e92},
{0x3bb270,0xc1e9d},
{0x3bb2a8,0xd97c0},
{0x3bb2e0,0xd51cd},
{0x3bb318,0xc1ea8},
{0x3bb350,0xc6734},
{0x3bb388,0xc828b},
{0x3bb3c0,0xc1eae},
{0x3bb3f8,0xc1206},
{0x3bb430,0xd32af},
{0x3bb468,0xd43a2},
{0x3bb4a0,0xd43b3},
{0x3bb4b0,0x31ff34},
{0x3bb4d8,0xc2b52},
{0x3bb4e8,0x3200a8},
{0x3bb510,0xcf9ed},
{0x3bb520,0x32022c},
{0x3bb548,0xc425f},
{0x3bb558,0x320278},
{0x3bb5b8,0x320648},
{0x3bb5c0,0x320694},
{0x3bb5c8,0x3206a0},
{0x3bb5d0,0x3206fc},
{0x3bb610,0xd71ad},
{0x3bb640,0x3207a0},
{0x3bb660,0x3207ac},
{0x3bb668,0x320eac},
{0x3bb680,0x320fa4},
{0x3bb688,0x320fd8},
{0x3bb690,0x321034},
{0x3bb698,0x3216ac},
{0x3bb6c0,0xcc890},
{0x3bb6c8,0x3bb6f0},
{0x3bb6d0,0xcec97},
{0x3bb6d8,0xd0656},
{0x3bb6f0,0x32170c},
{0x3bb6f8,0x3217a8},
{0x3bb700,0x3219c8},
{0x3bb710,0x3221c0},
{0x3bb720,0x3223e4},
{0x3bb730,0x32248c},
{0x3bb740,0x322618},
{0x3bb768,0xd2832},
{0x3bb788,0x323a64},
{0x3bb790,0x323aac},
{0x3bb798,0x323ab0},
{0x3bb7b8,0x323abc},
{0x3bb7c0,0x324430},
{0x3bb7c8,0x324558},
{0x3bb7d0,0x3245cc},
{0x3bb7d8,0x32460c},
{0x3bb7e0,0x3246c8},
{0x3bb7e8,0x3246d4},
{0x3bb808,0x324808},
{0x3bb810,0x324874},
{0x3bb818,0xd325f},
{0x3bb820,0x3bb868},
{0x3bb828,0xca289},
{0x3bb830,0x3bb878},
{0x3bb838,0xd8a24},
{0x3bb840,0x3bb880},
{0x3bb848,0xcec97},
{0x3bb850,0xceceb},
{0x3bb868,0x3248e0},
{0x3bb870,0x32490c},
{0x3bb878,0x3249a8},
{0x3bb880,0x3249b0},
{0x3bb888,0x3249d8},
{0x3bb890,0x3249e8},
{0x3bb8b0,0xcc2f2},
{0x3bb8e8,0xcd225},
{0x3bb920,0xc4d4f},
{0x3bb958,0xcdf51},
{0x3bb990,0xc11ff},
{0x3bb9c8,0xc8e2d},
{0x3bba00,0xc8e39},
{0x3bba38,0xcf9db},
{0x3bba70,0xc4d58},
{0x3bbaa8,0xd32a8},
{0x3bbae0,0xc425f},
{0x3bbb18,0xc7605},
{0x3bbb50,0xcecd6},
{0x3bbb88,0xc8296},
{0x3bbbc0,0xd43a2},
{0x3bbbf8,0xc2b52},
{0x3bbc08,0x3249f0},
{0x3bbc30,0xd718a},
{0x3bbc40,0x324b30},
{0x3bbc68,0xca2db},
{0x3bbc78,0x324f50},
{0x3bbca0,0xcdf5c},
{0x3bbcb0,0x325428},
{0x3bbd18,0xc4d79},
{0x3bbd48,0x325890},
{0x3bbd68,0x32589c},
{0x3bbd70,0x3262cc},
{0x3bbd98,0x326348},
{0x3bbdb8,0x326560},
{0x3bbdc0,0x326634},
{0x3bbdc8,0xcec97},
{0x3bbdd0,0xcbd1d},
{0x3bbdd8,0xc4d79},
{0x3bbde0,0x3bbdf8},
{0x3bbdf8,0x32668c},
{0x3bbe08,0x3267b4},
{0x3bbe18,0x3267dc},
{0x3bbe20,0x3267f0},
{0x3bbe60,0xc9a5b},
{0x3bbe80,0x326828},
{0x3bbe88,0x326830},
{0x3bbe90,0x326834},
{0x3bbeb0,0x326840},
{0x3bbeb8,0x326a18},
{0x3bbee0,0x326b64},
{0x3bbf00,0x326f50},
{0x3bbf08,0x327018},
{0x3bbf10,0xd8a44},
{0x3bbf18,0x3bbf50},
{0x3bbf20,0xcec97},
{0x3bbf28,0xd6763},
{0x3bbf30,0xd6737},
{0x3bbf38,0x3bbf60},
{0x3bbf50,0x327060},
{0x3bbf58,0x327078},
{0x3bbf60,0x327184},
{0x3bbf68,0x32718c},
{0x3bbf78,0x328d68},
{0x3bbf80,0x328d80},
{0x3bbf88,0x328d88},
{0x3bbf90,0x328de0},
{0x3bbfd0,0xd8a44},
{0x3bc000,0x32daa8},
{0x3bc020,0x32dab4},
{0x3bc028,0x32edfc},
{0x3bc050,0x32ee9c},
{0x3bc070,0x32efec},
{0x3bc078,0x32f0b8},
{0x3bc080,0xd8a44},
{0x3bc088,0x3bc0b0},
{0x3bc090,0xcec97},
{0x3bc098,0xd2857},
{0x3bc0b0,0x32f100},
{0x3bc0b8,0x32f118},
{0x3bc0c8,0x3319a8},
{0x3bc0d0,0x3319c4},
{0x3bc0d8,0x3319cc},
{0x3bc0e0,0x331a38},
{0x3bc110,0xc82c2},
{0x3bc128,0xc4d82},
{0x3bc140,0xc82ea},
{0x3bc158,0xd7f4d},
{0x3bc170,0xc36d2},
{0x3bc188,0xd0faa},
{0x3bc1a0,0xd71ba},
{0x3bc1b8,0xd2846},
{0x3bc1d0,0xd4404},
{0x3bc1e8,0xd97f8},
{0x3bc200,0xc82fc},
{0x3bc218,0xc6742},
{0x3bc230,0xd5ad2},
{0x3bc248,0xcfa17},
{0x3bc260,0xc8e6c},
{0x3bc278,0xcf9fd},
{0x3bc290,0xd440c},
{0x3bc2a8,0xd285b},
{0x3bc2c0,0xd51e6},
{0x3bc2d8,0xc36c6},
{0x3bc2f0,0xd97eb},
{0x3bc308,0xc427f},
{0x3bc320,0xc2bad},
{0x3bc338,0xcd27a},
{0x3bc350,0xc7631},
{0x3bc368,0xd51f8},
{0x3bc380,0xd6767},
{0x3bc398,0xcd287},
{0x3bc3b0,0xd5ab1},
{0x3bc3c8,0xc2b6a},
{0x3bc3e0,0xc8e76},
{0x3bc3f8,0xcdf8b},
{0x3bc410,0xc4db5},
{0x3bc428,0xd71fb},
{0x3bc440,0xcfa21},
{0x3bc458,0xc8309},
{0x3bc470,0xd5ae3},
{0x3bc488,0xc1ec1},
{0x3bc4a0,0xc4dc7},
{0x3bc4b8,0xd32dd},
{0x3bc4d0,0xd32eb},
{0x3bc4e8,0xd9802},
{0x3bc500,0xc4dd8},
{0x3bc518,0xc4287},
{0x3bc530,0xc2bb7},
{0x3bc548,0xc674e},
{0x3bc560,0xd7211},
{0x3bc578,0xd4419},
{0x3bc590,0xcfa39},
{0x3bc5a8,0xd8a60},
{0x3bc5c0,0xc4de7},
{0x3bc5d8,0xcbd4d},
{0x3bc5f0,0xc4296},
{0x3bc608,0xd442c},
{0x3bc620,0xd5aef},
{0x3bc638,0xd0695},
{0x3bc650,0xd06a7},
{0x3bc668,0xd0fbe},
{0x3bc680,0xc763b},
{0x3bc698,0xc7648},
{0x3bc6b0,0xcc8ab},
{0x3bc6c8,0xcbd5d},
{0x3bc6e0,0xd0f8d},
{0x3bc6f8,0xd43bb},
{0x3bc710,0xcfa09},
{0x3bc728,0xd0f9a},
{0x3bc740,0xd32f9},
{0x3bc758,0xc4dad},
{0x3bc770,0xc42a6},
{0x3bc788,0xc42b7},
{0x3bc7a0,0xcd28e},
{0x3bc7b8,0xcecf3},
{0x3bc7d0,0xc675c},
{0x3bc7e8,0xd2860},
{0x3bc800,0xc8e81},
{0x3bc818,0xd7f61},
{0x3bc830,0xd7220},
{0x3bc848,0xc6768},
{0x3bc860,0xcd29d},
{0x3bc878,0xcc89c},
{0x3bc890,0xd0fd6},
{0x3bc8a8,0xc42c9},
{0x3bc8c0,0xcecff},
{0x3bc8d8,0x331ad8},
{0x3bc8e0,0x331bd0},
{0x3bc8e8,0x331c98},
{0x3bc8f0,0x331e68},
{0x3bc8f8,0x331ed0},
{0x3bc900,0x331f1c},
{0x3bc908,0x331f20},
{0x3bc910,0x331fa8},
{0x3bc918,0x3322c8},
{0x3bc920,0x332350},
{0x3bc928,0x3323e0},
{0x3bc930,0x33264c},
{0x3bc938,0x332888},
{0x3bc940,0x332acc},
{0x3bc948,0x332dfc},
{0x3bc950,0x332f20},
{0x3bc958,0x333764},
{0x3bc960,0x33395c},
{0x3bc968,0x333a14},
{0x3bc970,0x333a38},
{0x3bc978,0x333aec},
{0x3bc980,0x333b10},
{0x3bc988,0x333b44},
{0x3bc990,0x333bc8},
{0x3bc998,0x333c7c},
{0x3bc9a0,0x333d0c},
{0x3bc9a8,0x333e84},
{0x3bc9b0,0x333f6c},
{0x3bc9b8,0x3340ac},
{0x3bc9c0,0x334110},
{0x3bc9c8,0x3344a4},
{0x3bc9d0,0x335034},
{0x3bc9d8,0x3350c8},
{0x3bc9e0,0x3350f4},
{0x3bc9f0,0x33606c},
{0x3bc9f8,0x33609c},
{0x3bca00,0x3360ac},
{0x3bca08,0x336138},
{0x3bca40,0x3361f4},
{0x3bca48,0x33609c},
{0x3bca50,0x3360ac},
{0x3bca58,0x336138},
{0x3bca90,0x336224},
{0x3bca98,0x33624c},
{0x3bcaa0,0x336254},
{0x3bcaa8,0x336284},
{0x3bcae0,0x3362d8},
{0x3bcae8,0x336310},
{0x3bcaf0,0x336344},
{0x3bcaf8,0x336354},
{0x3bcb28,0x3bc9e8},
{0x3bcb30,0x3bca38},
{0x3bcb38,0x3bca88},
{0x3bcb40,0x3bcad8},
{0x3bcb48,0x33597c},
{0x3bcb50,0x335a38},
{0x3bcb58,0x335a5c},
{0x3bcb60,0x335a90},
{0x3bcb68,0x335ad4},
{0x3bcb70,0x335b6c},
{0x3bcb78,0x335bf0},
{0x3bcb80,0x335d44},
{0x3bcb88,0x335e2c},
{0x3bcb90,0x335f7c},
{0x3bcb98,0x3344a4},
{0x3bcba0,0x3bc8d8},
{0x3bcba8,0x3bc8f8},
{0x3bcbb0,0x3bc970},
{0x3bcbb8,0x3bc9b0},
{0x3bcbc0,0x336f3c},
{0x3bcbc8,0x336f90},
{0x3bcbd0,0x336fa0},
{0x3bcbd8,0x337138},
{0x3bcbe0,0x3bcb28},
{0x3bcbe8,0x3bc9d0},
{0x3bcbf0,0x3bcb88},
{0x3bcc08,0xd4392},
{0x3bcc20,0x3bcba0},
{0x3bcc40,0xc677c},
{0x3bcc48,0xc2bc5},
{0x3bcc50,0xc2bcf},
{0x3bcc58,0xd028b},
{0x3bcc60,0xc82a2},
{0x3bcc68,0xc575f},
{0x3bcc70,0xc574a},
{0x3bcc78,0xd08f3},
{0x3bcc80,0xc1ecf},
{0x3bcc88,0xc5784},
{0x3bcc90,0xd06cf},
{0x3bcc98,0xc2bd8},
{0x3bcca0,0xd7233},
{0x3bcca8,0xd981a},
{0x3bccb0,0xcc8bb},
{0x3bccb8,0xced16},
{0x3bccc0,0xd9825},
{0x3bccc8,0xcbd68},
{0x3bccd0,0xc2be2},
{0x3bccd8,0xd8a7e},
{0x3bcce0,0xc7661},
{0x3bcce8,0xcbd77},
{0x3bccf0,0xced25},
{0x3bccf8,0xd0fdf},
{0x3bcd00,0xd6779},
{0x3bcd08,0xcdf51},
{0x3bcd10,0xd43a2},
{0x3bcd18,0xc425f},
{0x3bcd20,0xc4d4f},
{0x3bcd28,0xcdfb4},
{0x3bcd30,0xc7670},
{0x3bcd38,0xd4448},
{0x3bcd40,0xd6781},
{0x3bcd48,0xc8e2d},
{0x3bcd50,0xc5787},
{0x3bcd58,0xc2bf0},
{0x3bcd60,0xcd2a4},
{0x3bcd68,0xd7240},
{0x3bcd70,0xcaeff},
{0x3bcd78,0xcdfbf},
{0x3bcd80,0xd8a8b},
{0x3bcd88,0xd678a},
{0x3bcd90,0xcd225},
{0x3bcd98,0xc4dfa},
{0x3bcda0,0xc8e8f},
{0x3bcda8,0xd8a97},
{0x3bcdb0,0xc6785},
{0x3bcdb8,0xc4dfe},
{0x3bcdc0,0xd06be},
{0x3bcdc8,0xca2f3},
{0x3bcdd0,0xc8318},
{0x3bcdd8,0xd982d},
{0x3bcde0,0xca301},
{0x3bcde8,0xcb076},
{0x3bcdf0,0xc1ea8},
{0x3bcdf8,0xc6734},
{0x3bce00,0xc2bf4},
{0x3bce08,0xcf9db},
{0x3bce10,0xc4d58},
{0x3bce18,0xd5b01},
{0x3bce20,0xd2871},
{0x3bce28,0xc9a63},
{0x3bce30,0xd06d9},
{0x3bce38,0xcc8c5},
{0x3bce40,0xc6795},
{0x3bce48,0xc578a},
{0x3bce50,0xcc8c8},
{0x3bce58,0xc42df},
{0x3bce60,0xd8aa8},
{0x3bce68,0xc9a6b},
{0x3bce70,0xd0fec},
{0x3bce78,0xc11ff},
{0x3bce80,0xc2b5d},
{0x3bce88,0xcd2a8},
{0x3bce90,0x33e8fc},
{0x3bce98,0x33ec74},
{0x3bcea0,0x33f1e0},
{0x3bcea8,0x33f268},
{0x3bceb0,0x33f324},
{0x3bceb8,0x33f348},
{0x3bcec0,0xee20e},
{0x3bcec8,0xee40e},
{0x3bcee0,0xd678c},
{0x3bcef8,0x3bce90},
{0x3bcf10,0x33e8f0},
{0x3bcf18,0xd5aa0},
{0x3bcf20,0x3bce90},
{0x3bcf38,0x341484},
{0x3bcf40,0x34148c},
{0x3bcf48,0x341494},
{0x3bcf60,0xcb05b},
{0x3bcf78,0x3bcf38},
{0x3bcf80,0x340920},
{0x3bcf88,0x3409fc},
{0x3bcf98,0x346348},
{0x3bcfa0,0x346398},
{0x3bcfa8,0x347204},
{0x3bcfb0,0x347cec},
{0x3bcfb8,0x343650},
{0x3bcfc0,0x347f04},
{0x3bcfc8,0x347f8c},
{0x3bcfd0,0x347fe4},
{0x3bcfd8,0x348068},
{0x3bcfe0,0x3480c8},
{0x3bcfe8,0x348190},
{0x3bcff0,0x34826c},
{0x3bcff8,0x3482fc},
{0x3bd000,0x34869c},
{0x3bd008,0x348760},
{0x3bd018,0x348928},
{0x3bd020,0x348a9c},
{0x3bd028,0x348af4},
{0x3bd030,0x348b4c},
{0x3bd038,0x348ee8},
{0x3bd040,0x349120},
{0x3bd048,0x34917c},
{0x3bd058,0x3492e8},
{0x3bd060,0x3496cc},
{0x3bd068,0x349790},
{0x3bd070,0x349b28},
{0x3bd078,0x349b5c},
{0x3bd080,0x349b68},
{0x3bd088,0x349dcc},
{0x3bd090,0x34a5b0},
{0x3bd098,0x34a944},
{0x3bd0a0,0x34a984},
{0x3bd0a8,0x34aa04},
{0x3bd0b0,0x34ab98},
{0x3bd0b8,0x34accc},
{0x3bd0c0,0x34ad90},
{0x3bd0c8,0x34b114},
{0x3bd0d0,0x34b1d8},
{0x3bd0d8,0x34b3a4},
{0x3bd0e0,0x34c328},
{0x3bd0e8,0x34c6d8},
{0x3bd0f0,0x34c93c},
{0x3bd0f8,0x34cbb4},
{0x3bd100,0x34cc90},
{0x3bd108,0x34cdf8},
{0x3bd110,0x34ce3c},
{0x3bd128,0xd0623},
{0x3bd140,0x3bcf98},
{0x3bd158,0x343650},
{0x3bd168,0x34365c},
{0x3bd178,0x34366c},
{0x3bd180,0x34368c},
{0x3bd1b8,0x3436c0},
{0x3bd1c0,0x343774},
{0x3bd1d0,0x34365c},
{0x3bd1e0,0x343790},
{0x3bd1e8,0x343848},
{0x3bd220,0x34398c},
{0x3bd228,0x343ba0},
{0x3bd238,0x343bc0},
{0x3bd248,0x343be8},
{0x3bd250,0x343c60},
{0x3bd288,0x343ce0},
{0x3bd290,0x344158},
{0x3bd2a0,0x34365c},
{0x3bd2b0,0x344178},
{0x3bd2b8,0x3441b0},
{0x3bd2f0,0x344238},
{0x3bd2f8,0x3442f4},
{0x3bd308,0x34365c},
{0x3bd318,0x344314},
{0x3bd320,0x344378},
{0x3bd358,0x344598},
{0x3bd360,0x344888},
{0x3bd370,0x34365c},
{0x3bd380,0x3448a8},
{0x3bd388,0x3448e8},
{0x3bd3c0,0x344964},
{0x3bd3c8,0x344a24},
{0x3bd3d8,0x344a44},
{0x3bd3e8,0x344a64},
{0x3bd3f0,0x344ab4},
{0x3bd428,0x344b24},
{0x3bd430,0x344d28},
{0x3bd440,0x344d48},
{0x3bd450,0x344d68},
{0x3bd458,0x344de4},
{0x3bd490,0x344e54},
{0x3bd498,0x345020},
{0x3bd4a8,0x345040},
{0x3bd4b0,0x345064},
{0x3bd4b8,0x34509c},
{0x3bd4c0,0x3450a4},
{0x3bd4c8,0x3450b0},
{0x3bd4d0,0x34522c},
{0x3bd4d8,0x3453a4},
{0x3bd4e0,0x345498},
{0x3bd4e8,0x345694},
{0x3bd4f8,0x345f88},
{0x3bd500,0x3462a8},
{0x3bd510,0x3462bc},
{0x3bd518,0x3462f4},
{0x3bd520,0x346328},
{0x3bd528,0x346338},
{0x3bd570,0x3bd160},
{0x3bd578,0x3bd1c8},
{0x3bd580,0x3bd230},
{0x3bd588,0x3bd298},
{0x3bd590,0x3bd300},
{0x3bd598,0x3bd368},
{0x3bd5a0,0x3bd3d0},
{0x3bd5a8,0x3bd438},
{0x3bd5b0,0x3bd4a0},
{0x3bd5c0,0xcbcdc},
{0x3bd5c8,0x3bd620},
{0x3bd5d0,0xca289},
{0x3bd5d8,0x3bd638},
{0x3bd5e0,0xd325f},
{0x3bd5e8,0x3bd640},
{0x3bd5f0,0xd8a44},
{0x3bd5f8,0x3bd650},
{0x3bd600,0xd672e},
{0x3bd608,0x3bd660},
{0x3bd620,0x34eca0},
{0x3bd628,0x34ed28},
{0x3bd630,0x34edd0},
{0x3bd638,0x34ee24},
{0x3bd640,0x34ff7c},
{0x3bd648,0x34fff0},
{0x3bd650,0x3500a4},
{0x3bd658,0x350154},
{0x3bd660,0x350430},
{0x3bd668,0xfc1a0},
{0x3bd670,0xfc1b8},
{0x3bd678,0xfc1c4},
{0x3bd680,0xfc1d0},
{0x3bd688,0xfc1dc},
{0x3bd690,0xfc1e8},
{0x3bd698,0xfc1f4},
{0x3bd6b8,0xfc1ac},
{0x3bd6c8,0x3538fc},
{0x3bd6d0,0x35396c},
{0x3bd6d8,0x353970},
{0x3bd6e0,0x353978},
{0x3bd6e8,0x353acc},
{0x3bd700,0xc4e0d},
{0x3bd720,0x353ad8},
{0x3bd740,0x353b24},
{0x3bd748,0x353dc8},
{0x3bd750,0x353e30},
{0x3bd758,0x353e58},
{0x3bd760,0x3bd6c0},
{0x3bd768,0x3544e4},
{0x3bd770,0x3545c0},
{0x3bd778,0x3545ec},
{0x3bd780,0x354748},
{0x3bd7a0,0x3554b0},
{0x3bd7a8,0x355520},
{0x3bd7b0,0x355524},
{0x3bd7b8,0x35552c},
{0x3bd7c0,0x355648},
{0x3bd7d8,0xc9a6e},
{0x3bd7f8,0x355654},
{0x3bd818,0x355684},
{0x3bd820,0x35588c},
{0x3bd828,0x3558f4},
{0x3bd830,0x35591c},
{0x3bd838,0x3bd798},
{0x3bd850,0xc1230},
{0x3bd870,0x3574f8},
{0x3bd878,0x357514},
{0x3bd880,0x357518},
{0x3bd890,0x357524},
{0x3bd898,0x357788},
{0x3bd8a0,0x3577f0},
{0x3bd8a8,0x357818},
{0x3bd8b0,0x3bd960},
{0x3bd8c8,0xd3308},
{0x3bd8e8,0x3574f8},
{0x3bd8f0,0x357514},
{0x3bd8f8,0x357518},
{0x3bd908,0x35782c},
{0x3bd910,0x357788},
{0x3bd918,0x3577f0},
{0x3bd920,0x357818},
{0x3bd928,0x3bd930},
{0x3bd938,0x357a00},
{0x3bd940,0x357a70},
{0x3bd948,0x357a74},
{0x3bd950,0x357a7c},
{0x3bd958,0x357be8},
{0x3bd968,0x357bf4},
{0x3bd970,0x357c64},
{0x3bd978,0x357c68},
{0x3bd980,0x357c70},
{0x3bd988,0x357dd0},
{0x3bd990,0xd6737},
{0x3bd998,0x3bd9b0},
{0x3bd9b0,0x357ddc},
{0x3bd9b8,0x357eb4},
{0x3bd9c0,0x35a098},
{0x3bd9c8,0x35a13c},
{0x3bd9d0,0x35a224},
{0x3bd9d8,0x35a3bc},
{0x3bd9f0,0x35abb8},
{0x3bda08,0xd7159},
{0x3bda20,0x3bd9f0},
{0x3bda28,0x35a920},
{0x3bda30,0x35a930},
{0x3bda38,0x35a978},
{0x3bda48,0x35a984},
{0x3bda50,0x35aaa8},
{0x3bda70,0xd6737},
{0x3bda78,0x3bda90},
{0x3bda90,0x35ac30},
{0x3bda98,0x35acc8},
{0x3bdac0,0x35bc38},
{0x3bdac8,0x35bce8},
{0x3bdad0,0x35bd04},
{0x3bdaf8,0x3bdb28},
{0x3bdb08,0x35bd08},
{0x3bdb10,0x35bd2c},
{0x3bdb18,0x35bd3c},
{0x3bdb20,0x35bd58},
{0x3bdb30,0xfc587},
{0x3bdb60,0x35bda4},
{0x3bdb70,0x35bdb4},
{0x3bdc00,0x35d174},
{0x3bdc08,0x35d1ac},
{0x3bdc10,0x35d1c8},
{0x3bdc50,0x35d1f0},
{0x3bdc58,0x35d208},
{0x3bdc60,0x35d224},
{0x3bdee0,0x38d078},
{0x3bdee8,0x38d104},
{0x3bdef0,0x38d250},
{0x3bdef8,0x38d3cc},
{0x3bdf00,0x38d5c8},
{0x3bdf08,0x38d744},
{0x3bdf10,0x38d5c8},
{0x3bdf18,0x38d744},
{0x3bdf20,0x38d930},
{0x3bdf28,0x38db28},
{0x3bdf30,0x38d930},
{0x3bdf38,0x38db28},
{0x3bdf40,0x38d930},
{0x3bdf48,0x38db28},
{0x3bdf50,0x38d930},
{0x3bdf58,0x38db28},
{0x3bdf60,0x38e1e4},
{0x3bdf68,0x38e264},
{0x3bdf70,0x38e3d0},
{0x3bdf78,0x38e550},
{0x3bdf80,0x38e774},
{0x3bdf88,0x38e838},
{0x3bdf90,0x38e9e4},
{0x3bdf98,0x38ebac},
{0x3bdfb0,0x39a1d8},
{0x3bdfb8,0x39a1e0},
{0x3bdfc0,0x39a1e8},
{0x3bdfc8,0x39a22c},
{0x3bdfd0,0x39a314},
{0x3bdfd8,0x39a3e4},
{0x3bdfe0,0x39a3f8},
{0x3bdfe8,0x39a408},
{0x3bdff0,0x39a418},
{0x3bdff8,0x39a534},
{0x3be000,0x39a57c},
{0x3be008,0x39a588},
{0x3be010,0x39a594},
{0x3be018,0x39a5c0},
{0x3be020,0x39a804},
{0x3be028,0x39a810},
{0x3be030,0x155858},
{0x3be038,0x155840},
{0x3be040,0x398b10},
{0x3be048,0x398de0},
{0x3be050,0x15d794},
{0x3be058,0x15e87c},
{0x3be060,0x1614b0},
{0x3be068,0x1616f0},
{0x3be070,0x16a5ac},
{0x3be078,0x16ab04},
{0x3be080,0x16e674},
{0x3be088,0x1778d8},
{0x3be090,0x188480},
{0x3be098,0x19cfa4},
{0x3be0a0,0x1a7050},
{0x3be0a8,0x1bd278},
{0x3be0b0,0x1be320},
{0x3be0b8,0x1c4488},
{0x3be0c0,0x1d252c},
{0x3be0c8,0x1f5110},
{0x3be0d0,0x209a60},
{0x3be0d8,0x210ec0},
{0x3be0e0,0x241654},
{0x3be0e8,0x246464},
{0x3be0f0,0x24d94c},
{0x3be0f8,0x254b08},
{0x3be100,0x258cec},
{0x3be108,0x25a698},
{0x3be110,0x263d30},
{0x3be118,0x267c94},
{0x3be120,0x273f18},
{0x3be128,0x276598},
{0x3be130,0x28b13c},
{0x3be138,0x28c144},
{0x3be140,0x295f54},
{0x3be148,0x2a5468},
{0x3be150,0x2bcdb8},
{0x3be158,0x2c6c40},
{0x3be160,0x2c8794},
{0x3be168,0x2caae8},
{0x3be170,0x2e374c},
{0x3be178,0x2ea2e0},
{0x3be180,0x35bdb8},
{0x3be188,0x35d704},
{0x3be190,0x36f040},
{0x3be198,0x372144},
{0x3be1a0,0x377ae0},
{0x3be1a8,0x398a98},
{0x3bee88,0x3b8c20},
{0x3bee90,0x3bbfc0},
{0x3bee98,0x3b9c18},
{0x3beea0,0x3ba8a0},
{0x3beea8,0x3bbe50},
{0x3beeb0,0x3bb600},
{0x3beeb8,0x3bcbf8},
{0x3beec0,0x3bcf50},
{0x3beec8,0x3bced0},
{0x3beed0,0x3bd7c8},
{0x3beed8,0x3bd840},
{0x3beee0,0x3bd8b8},
{0x3beee8,0x3bd118},
{0x3beef0,0x3bd6f0},
{0x3beef8,0x3bd9f8},
{0x3bef08,0x3b8c98},
{0x3bef10,0x3b8f00},
{0x3bef18,0x3bb758},
{0x3bef20,0x3bbd08},
{0x3bf268,0x39d650},
{0x3c7818,0xc5beb},
{0x3c7820,0xd7720},
{0x3c7828,0xc69a3},
{0x3c7830,0xc9175},
{0x3c7838,0xc1540},
{0x3c7840,0xc9180},
{0x3c7848,0xd5dc2},
{0x3c7850,0xc69a9},
{0x3c7858,0xd36a4},
{0x3c7860,0xd8d98},
{0x3c7868,0xc39e1},
{0x3c7870,0xcc012},
{0x3c7878,0xc0c40},
{0x3c7880,0xd36ae},
{0x3c7888,0xc2f6c},
{0x3c7890,0xd36bc},
{0x3c7898,0xca6f7},
{0x3c78a0,0xd5dcb},
{0x3c78a8,0xd693a},
{0x3c78b0,0xc4650},
{0x3c78b8,0xc0c4c},
{0x3c78c0,0xd8272},
{0x3c78c8,0xc5062},
{0x3c78d0,0xc9c5d},
{0x3c78d8,0xc7c31},
{0x3c78e0,0xcd489},
{0x3c78e8,0xce375},
{0x3c78f0,0xc69b3},
{0x3c78f8,0xccaf6},
{0x3c7900,0xc5bf3},
{0x3c7908,0xcc01a},
{0x3c7910,0xc86fe},
{0x3c7918,0xcc01e},
{0x3c7920,0xd2b65},
{0x3c7928,0xc506a},
{0x3c7930,0xc9187},
{0x3c7938,0xcf112},
{0x3c7940,0xd6941},
{0x3c7948,0xd0952},
{0x3c7950,0xd5491},
{0x3c7958,0xc9c61},
{0x3c7960,0xc2236},
{0x3c7968,0xc39eb},
{0x3c7970,0xc5bf7},
{0x3c7978,0xd6945},
{0x3c7980,0xc39f8},
{0x3c7988,0xc5073},
{0x3c7990,0xd8277},
{0x3c7998,0xc0c56},
{0x3c79a0,0xcd492},
{0x3c79a8,0xd7724},
{0x3c79b0,0xd20c1},
{0x3c79b8,0xd827e},
{0x3c79c0,0xc69b8},
{0x3c79c8,0xd694d},
{0x3c79d0,0xc5bfe},
{0x3c79d8,0xcf116},
{0x3c79e0,0xc1547},
{0x3c79e8,0xce379},
{0x3c79f0,0xc507b},
{0x3c79f8,0xc918a},
{0x3c7a00,0xd8da2},
{0x3c7a08,0xccafb},
{0x3c7a10,0xd36c5},
{0x3c7a18,0xc39fb},
{0x3c7a20,0xc9c66},
{0x3c7a28,0xd20ce},
{0x3c7a30,0xcc022},
{0x3c7a38,0xc5c07},
{0x3c7a40,0xc69bf},
{0x3c7a48,0xd8288},
{0x3c7a50,0xd0955},
{0x3c7a58,0xd2b6e},
{0x3c7a60,0xc465e},
{0x3c7a68,0xd772c},
{0x3c7a70,0xd2b77},
{0x3c7a78,0xc8702},
{0x3c7a80,0xd828d},
{0x3c7a88,0xc4669},
{0x3c7a90,0xc154b},
{0x3c7a98,0xd36cd},
{0x3c7aa0,0xcd49b},
{0x3c7aa8,0xcfd59},
{0x3c7ab0,0xd8298},
{0x3c7ab8,0xd6955},
{0x3c7ac0,0xc9191},
{0x3c7ac8,0xc39fe},
{0x3c7ad0,0xccb00},
{0x3c7ad8,0xd829d},
{0x3c7b20,0xd5947},
{0x3c7b30,0xc4056},
{0x3c7b40,0xc1042},
{0x3c7b50,0xd8947},
{0x3c7be8,0xcc8da},
{0x3c7bf8,0xcfa55},
{0x3c7c08,0xd5214},
{0x3c7c18,0xcfa5b},
{0x3c7c28,0xc9a80},
{0x3c7c38,0xd72bd},
{0x3c7c48,0xd006d},
{0x3c7c58,0xc2bfe},
{0x3c7c68,0xca39a},
{0x3c7c78,0xc1ed2},
{0x3c7c88,0xcd2b0},
{0x3c7c98,0xced44},
{0x3c7ca8,0xd7f6f},
{0x3c7cb8,0xd8aac},
{0x3c7cc8,0xca39f},
{0x3c7cd8,0xd4458},
{0x3c7ce8,0xc372a},
{0x3c7cf8,0xd72c5},
{0x3c7d08,0xd9889},
{0x3c7d18,0xc4e14},
{0x3c7d28,0xd9894},
{0x3c7d38,0xca3a5},
{0x3c7d48,0xd7f74},
{0x3c7d58,0xd7f7f},
{0x3c7d68,0xd6822},
{0x3c7d78,0xd989e},
{0x3c7d88,0xca3af},
{0x3c7d98,0xc9a85},
{0x3c7da8,0xc2c03},
{0x3c7db8,0xd8ab7},
{0x3c7dc8,0xcb085},
{0x3c7dd8,0xd5219},
{0x3c7de8,0xd7f89},
{0x3c7df8,0xc2c0c},
{0x3c7e08,0xcc8de},
{0x3c7e18,0xc767a},
{0x3c7e28,0xc8e99},
{0x3c7e38,0xd3334},
{0x3c7e48,0xd333f},
{0x3c7e58,0xc2c15},
{0x3c7e68,0xc833f},
{0x3c7e78,0xcc8e8},
{0x3c7e88,0xc42e3},
{0x3c7e98,0xc9a8d},
{0x3c7ea8,0xcfa62},
{0x3c7eb8,0xc834a},
{0x3c7ec8,0xc7686},
{0x3c7ed8,0xc1ed8},
{0x3c7ee8,0xc2c1d},
{0x3c7ef8,0xc42f1},
{0x3c7f08,0xc9a9b},
{0x3c7f18,0xd72d4},
{0x3c7f28,0xd06db},
{0x3c7f38,0xc123e},
{0x3c7f48,0xcbd97},
{0x3c7f58,0xc7691},
{0x3c7f68,0xcfa70},
{0x3c7f78,0xd5222},
{0x3c7f88,0xd2879},
{0x3c7f98,0xd0ffb},
{0x3c7fa8,0xc7699},
{0x3c7fb8,0xd445e},
{0x3c7fc8,0xd8ac0},
{0x3c7fd8,0xd334a},
{0x3c7fe8,0xcb093},
{0x3c7ff8,0xc2c29},
{0x3c8008,0xc124a},
{0x3c8018,0xd287e},
{0x3c8028,0xd4467},
{0x3c8038,0xd72df},
{0x3c8048,0xcb09a},
{0x3c8058,0xc42f9},
{0x3c8068,0xd522d},
{0x3c8078,0xd06e5},
{0x3c8088,0xc578e},
{0x3c8098,0xc76a5},
{0x3c80a8,0xc8ea8},
{0x3c80b8,0xc6799},
{0x3c80c8,0xd06ef},
{0x3c80d8,0xd3354},
{0x3c80e8,0xc8eb3},
{0x3c80f8,0xd7f93},
{0x3c8108,0xcb0a7},
{0x3c8118,0xd7fa0},
{0x3c8128,0xc1250},
{0x3c8138,0xc3731},
{0x3c8148,0xc9aa3},
{0x3c8158,0xcdfcd},
{0x3c8168,0xced51},
{0x3c8178,0xca3b8},
{0x3c8188,0xc8358},
{0x3c8198,0xd72e9},
{0x3c81a8,0xc4e1a},
{0x3c81b8,0xd72f4},
{0x3c81c8,0xcd2ba},
{0x3c81d8,0xd98ad},
{0x3c81e8,0xced57},
{0x3c81f8,0xc1ee1},
{0x3c8208,0xc8ec1},
{0x3c8218,0xc9aa8},
{0x3c8228,0xd7301},
{0x3c8238,0xcbda3},
{0x3c8248,0xd3360},
{0x3c8258,0xd3369},
{0x3c8268,0xd1005},
{0x3c8278,0xc4e27},
{0x3c8288,0xc4303},
{0x3c8298,0xc67a3},
{0x3c82a8,0xcc8f5},
{0x3c82b8,0xc9ab5},
{0x3c82c8,0xd2887},
{0x3c82d8,0xc125f},
{0x3c82e8,0xc57a3},
{0x3c82f8,0xc2c2f},
{0x3c8308,0xd5238},
{0x3c8318,0xd3375},
{0x3c8328,0xcb0b6},
{0x3c8338,0xc373d},
{0x3c8348,0xc57ad},
{0x3c8358,0xd6828},
{0x3c8368,0xc2c3d},
{0x3c8378,0xc8ed1},
{0x3c8388,0xc1ef1},
{0x3c8398,0xd4475},
{0x3c83a8,0xd730b},
{0x3c83b8,0xc57b2},
{0x3c83c8,0xd06f9},
{0x3c83d8,0xc126d},
{0x3c83e8,0xc1efb},
{0x3c83f8,0xcbdad},
{0x3c8408,0xd682d},
{0x3c8418,0xc67ad},
{0x3c8428,0xd8ac8},
{0x3c8438,0xd7317},
{0x3c8448,0xc57b9},
{0x3c8458,0xd98bd},
{0x3c8468,0xcfa7a},
{0x3c8478,0xd288e},
{0x3c8488,0xc1f04},
{0x3c8498,0xcfa86},
{0x3c84a8,0xd6834},
{0x3c84b8,0xced69},
{0x3c84c8,0xcc8fc},
{0x3c84d8,0xd3380},
{0x3c84e8,0xcbdb4},
{0x3c84f8,0xcc906},
{0x3c8508,0xc8ed8},
{0x3c8520,0x398a94},
{0x3c8528,0x398a90},
{0x3c8530,0x3cf720},
{0x3c8538,0x3cf760},
{0x3c8540,0x3cf760},
{0x3c8548,0x3cff60},
{0x3ab5a8,0x1bb330},
{0x3b03f8,0x1f79c8},
{0x3beca8,0x3b2270},
{0x3ab248,0x27755c},
{0x3ab438,0x27755c},
{0x3aba90,0x27755c},
{0x3abb88,0x27755c},
{0x3ac3a8,0x27755c},
{0x3ac6f0,0x27755c},
{0x3ac838,0x27755c},
{0x3ac930,0x27755c},
{0x3ace28,0x27755c},
{0x3acf20,0x27755c},
{0x3ad448,0x27755c},
{0x3ad6c8,0x27755c},
{0x3ad968,0x27755c},
{0x3ada60,0x27755c},
{0x3ae088,0x27755c},
{0x3ae408,0x27755c},
{0x3ae908,0x27755c},
{0x3b0230,0x27755c},
{0x3b03a8,0x27755c},
{0x3b0780,0x27755c},
{0x3b08c8,0x27755c},
{0x3b09c0,0x27755c},
{0x3b0e98,0x27755c},
{0x3b0f90,0x27755c},
{0x3b1438,0x27755c},
{0x3b15e0,0x27755c},
{0x3b1a08,0x27755c},
{0x3b1cd0,0x27755c},
{0x3b1dc8,0x27755c},
{0x3b22f0,0x27755c},
{0x3b2450,0x27755c},
{0x3b2690,0x27755c},
{0x3b2a18,0x27755c},
{0x3b2b78,0x27755c},
{0x3b2c98,0x27755c},
{0x3b2e78,0x27755c},
{0x3b31c0,0x27755c},
{0x3b3300,0x27755c},
{0x3b3458,0x27755c},
{0x3b3638,0x27755c},
{0x3b3758,0x27755c},
{0x3b3aa8,0x27755c},
{0x3b3d98,0x27755c},
{0x3b3eb8,0x27755c},
{0x3b4348,0x27755c},
{0x3b4c60,0x27755c},
{0x3b5a38,0x27755c},
{0x3b5b98,0x27755c},
{0x3b5c90,0x27755c},
{0x3b5d88,0x27755c},
{0x3b5e90,0x27755c},
{0x3b5fb0,0x27755c},
{0x3b6298,0x27755c},
{0x3b6390,0x27755c},
{0x3b6688,0x27755c},
{0x3b6780,0x27755c},
{0x3b6878,0x27755c},
{0x3b6970,0x27755c},
{0x3b6a68,0x27755c},
{0x3b6da8,0x27755c},
{0x3b6ec8,0x27755c},
{0x3b6fc0,0x27755c},
{0x3b76d8,0x27755c},
{0x3b7880,0x27755c},
{0x3bdd00,0x27755c},
{0x3acec8,0x1d0c44},
{0x3b0e08,0xe1fda},
{0x3bf188,0xe6c3c},
{0x3ac758,0xdcd69},
{0x3b43c8,0x3b43f0},
{0x3b4b88,0xe5759},
{0x3be4b8,0x15e674},
{0x3b3f30,0x3b3f60},
{0x3aa710,0xd9f0e},
{0x3b6df8,0x2d56c4},
{0x3bdd50,0x2d56c4},
{0x3b3db8,0x26cf9c},
{0x3ab338,0x1b3aac},
{0x3ad1a0,0x3ad1f0},
{0x3ac460,0xdc91b},
{0x3b4398,0x2725bc},
{0x3be940,0x3adc58},
{0x3bde08,0x377c78},
{0x3ac438,0x1c5b9c},
{0x3b3fb8,0xe4707},
{0x3b1198,0x202054},
{0x3bef70,0x3b4be0},
{0x3b1758,0x3b1760},
{0x3b3f20,0x26d298},
{0x3ada08,0x1d8e24},
{0x3bea08,0x3b04d0},
{0x3b20d8,0x210544},
{0x3b6c40,0x2d41b0},
{0x3aa800,0xda392},
{0x3b12a0,0x202a1c},
{0x3b4cd8,0x3b4e80},
{0x3aa358,0x15932c},
{0x3ad020,0x3ad070},
{0x3bde58,0xfca4d},
{0x3b0410,0xe1084},
{0x3beb38,0x3b1078},
{0x3be768,0x1c8f18},
{0x3ac8c8,0x1cd028},
{0x3ac9b8,0x1cd250},
{0x3ad090,0xdd8b7},
{0x3be890,0xdd8b7},
{0x3b1ea0,0xe3100},
{0x3be500,0x1639ac},
{0x3aba28,0x1be2f0},
{0x3b2778,0x23ef14},
{0x3b2928,0x23ef14},
{0x3b2970,0x23ef14},
{0x3ab278,0x278350},
{0x3ab370,0x278350},
{0x3ab468,0x278350},
{0x3abac0,0x278350},
{0x3abbb8,0x278350},
{0x3ac3d8,0x278350},
{0x3ac720,0x278350},
{0x3ac868,0x278350},
{0x3ac960,0x278350},
{0x3ace58,0x278350},
{0x3acf50,0x278350},
{0x3ad478,0x278350},
{0x3ad6f8,0x278350},
{0x3ad998,0x278350},
{0x3ada90,0x278350},
{0x3ae0b8,0x278350},
{0x3ae438,0x278350},
{0x3ae938,0x278350},
{0x3b0260,0x278350},
{0x3b03d8,0x278350},
{0x3b07b0,0x278350},
{0x3b08f8,0x278350},
{0x3b09f0,0x278350},
{0x3b0ec8,0x278350},
{0x3b0fc0,0x278350},
{0x3b1468,0x278350},
{0x3b1610,0x278350},
{0x3b1a38,0x278350},
{0x3b1d00,0x278350},
{0x3b1df8,0x278350},
{0x3b2320,0x278350},
{0x3b2480,0x278350},
{0x3b26c0,0x278350},
{0x3b2a48,0x278350},
{0x3b2ba8,0x278350},
{0x3b2cc8,0x278350},
{0x3b2ea8,0x278350},
{0x3b31f0,0x278350},
{0x3b3330,0x278350},
{0x3b3488,0x278350},
{0x3b3668,0x278350},
{0x3b3788,0x278350},
{0x3b3ad8,0x278350},
{0x3b3dc8,0x278350},
{0x3b3ee8,0x278350},
{0x3b4378,0x278350},
{0x3b4c90,0x278350},
{0x3b5a68,0x278350},
{0x3b5bc8,0x278350},
{0x3b5cc0,0x278350},
{0x3b5db8,0x278350},
{0x3b5ec0,0x278350},
{0x3b5fe0,0x278350},
{0x3b60d0,0x278350},
{0x3b61d0,0x278350},
{0x3b62c8,0x278350},
{0x3b63c0,0x278350},
{0x3b66b8,0x278350},
{0x3b67b0,0x278350},
{0x3b68a8,0x278350},
{0x3b69a0,0x278350},
{0x3b6a98,0x278350},
{0x3b6be0,0x278350},
{0x3b6cd8,0x278350},
{0x3b6ef8,0x278350},
{0x3b6ff0,0x278350},
{0x3b7708,0x278350},
{0x3b78b0,0x278350},
{0x3b7af8,0x278350},
{0x3b0718,0x1fb4dc},
{0x3be530,0x3c9728},
{0x3be5e0,0xda4aa},
{0x3abcd0,0x3abcd8},
{0x3b3518,0x25fc70},
{0x3b4bf0,0x276780},
{0x3adf00,0xdee9f},
{0x3b5d20,0x2c09ac},
{0x3aa780,0x3aa7e0},
{0x3b2718,0x2404cc},
{0x3b0f28,0x20190c},
{0x3be6d0,0x3abb08},
{0x3bf240,0x3bde28},
{0x3ab9f8,0xdb7fa},
{0x3be7e0,0x3acba8},
{0x3b1fa0,0xe3364},
{0x3b5c28,0x2c0590},
{0x3ac338,0x1c58c8},
{0x3b0918,0x1fc42c},
{0x3b0280,0x1f5958},
{0x3bec28,0x3b1ec0},
{0x3b35c8,0x25c8a8},
{0x3bed30,0x3b2950},
{0x3ad650,0x3ad730},
{0x3b5ca0,0x2c00e8},
{0x3ace90,0xdd62c},
{0x3b6118,0x3b6d10},
{0x3b6c30,0x3b6d10},
{0x3b5ef8,0x2c50ec},
{0x3b6018,0x2c50ec},
{0x3bf190,0x3cf538},
{0x3be7c8,0x3aca28},
{0x3b5d98,0x2c221c},
{0x3adaf0,0x1d9070},
{0x3b2c08,0xe3d9f},
{0x3ae898,0x1ebdec},
{0x3ad110,0xdda14},
{0x3be8a0,0xdda14},
{0x3ad8f8,0x1d6fc4},
{0x3b1018,0x201b34},
{0x3b19a0,0x20c818},
{0x3b3f68,0xe4620},
{0x3aa7e8,0xda37e},
{0x3b2bf8,0x3b2c00},
{0x3b2c20,0x3b2c00},
{0x3b7aa8,0x2df810},
{0x3aa3c0,0xd9b13},
{0x3ab340,0x1b39a0},
{0x3b0f00,0xe2035},
{0x3ac7e0,0x1cb500},
{0x3b2400,0x234878},
{0x3b69f0,0x3b6ac8},
{0x3be488,0x15ddb4},
{0x3bef40,0x3b4b60},
{0x3b1568,0x3b1640},
{0x3b6a48,0x2d1b94},
{0x3b0ee8,0x20026c},
{0x3b2be0,0x2528a8},
{0x3acf70,0x1d0d60},
{0x3bece8,0x3b2788},
{0x3b3ac8,0x267a68},
{0x3b3de8,0x26b4c8},
{0x3aa690,0x169e64},
{0x3b2638,0x23b21c},
{0x3b7ac8,0x2dfa98},
{0x3ab760,0xdb357},
{0x3b5e18,0x3b5f00},
{0x3b7828,0x2debc0},
{0x3be748,0x3ac420},
{0x3bf140,0x3b77c0},
{0x3b1e18,0x20f5e8},
{0x3b3000,0x258684},
{0x3bee68,0xe5544},
{0x3acd28,0x3acd30},
{0x3b4e88,0xe5844},
{0x3b59b0,0xe5d08},
{0x3acff8,0xdd69b},
{0x3b0708,0x3b07e0},
{0x3bde20,0x377c8c},
{0x3ab838,0xdb462},
{0x3b7b50,0x2e5dd4},
{0x3b1100,0xe2293},
{0x3beb40,0xe2293},
{0x3bddb8,0x38c290},
{0x3b6e80,0x2d6c98},
{0x3b2838,0xe3b9b},
{0x3b5f08,0xe5db8},
{0x3b6668,0x2cd3c8},
{0x3ab968,0x3ab970},
{0x3b0fe0,0x201a64},
{0x3bede0,0x3b3d18},
{0x3aa7c8,0x173bb4},
{0x3b6930,0x2d0c44},
{0x3b3150,0x2593e4},
{0x3b37b8,0x261c7c},
{0x3bf0a0,0x3b5e10},
{0x3b1780,0xe2b49},
{0x3bf1a0,0x3bdb40},
{0x3ad010,0xdd75b},
{0x3be880,0xdd75b},
{0x3acd60,0x3acd90},
{0x3be5f0,0xdae69},
{0x3ad190,0xddb71},
{0x3be8b0,0xddb71},
{0x3bed58,0x3b2d08},
{0x3ab978,0xdb6f9},
{0x3b6038,0x2c6c1c},
{0x3aa308,0x156d3c},
{0x3aa380,0x156d3c},
{0x3be910,0x1d5c9c},
{0x3b12e8,0xe2707},
{0x3b1d50,0x3b1e28},
{0x3b6ab8,0x2d1d04},
{0x3b6de8,0x2d5a80},
{0x3bdd40,0x2d5a80},
{0x3be868,0x3ad098},
{0x3b3ac0,0x267a8c},
{0x3ad130,0x1d1378},
{0x3aa7c0,0x177238},
{0x3be7c0,0x3ac9a8},
{0x3accc0,0x1ce688},
{0x3b2930,0x242404},
{0x3bee18,0x3b42c8},
{0x3b6158,0x2c79a4},
{0x3be930,0x3adb58},
{0x3b34d8,0x260828},
{0x3ab250,0x277558},
{0x3ab440,0x277558},
{0x3aba98,0x277558},
{0x3abb90,0x277558},
{0x3ac3b0,0x277558},
{0x3ac6f8,0x277558},
{0x3ac840,0x277558},
{0x3ac938,0x277558},
{0x3ace30,0x277558},
{0x3acf28,0x277558},
{0x3ad450,0x277558},
{0x3ad6d0,0x277558},
{0x3ad970,0x277558},
{0x3ada68,0x277558},
{0x3ae090,0x277558},
{0x3ae410,0x277558},
{0x3ae910,0x277558},
{0x3b0238,0x277558},
{0x3b03b0,0x277558},
{0x3b0788,0x277558},
{0x3b08d0,0x277558},
{0x3b09c8,0x277558},
{0x3b0ea0,0x277558},
{0x3b0f98,0x277558},
{0x3b1440,0x277558},
{0x3b15e8,0x277558},
{0x3b1a10,0x277558},
{0x3b1cd8,0x277558},
{0x3b1dd0,0x277558},
{0x3b22f8,0x277558},
{0x3b2458,0x277558},
{0x3b2698,0x277558},
{0x3b2a20,0x277558},
{0x3b2b80,0x277558},
{0x3b2ca0,0x277558},
{0x3b2e80,0x277558},
{0x3b31c8,0x277558},
{0x3b3308,0x277558},
{0x3b3460,0x277558},
{0x3b3640,0x277558},
{0x3b3760,0x277558},
{0x3b3ab0,0x277558},
{0x3b3da0,0x277558},
{0x3b3ec0,0x277558},
{0x3b4350,0x277558},
{0x3b4c68,0x277558},
{0x3b5a40,0x277558},
{0x3b5ba0,0x277558},
{0x3b5c98,0x277558},
{0x3b5d90,0x277558},
{0x3b5e98,0x277558},
{0x3b5fb8,0x277558},
{0x3b62a0,0x277558},
{0x3b6398,0x277558},
{0x3b6690,0x277558},
{0x3b6788,0x277558},
{0x3b6880,0x277558},
{0x3b6978,0x277558},
{0x3b6a70,0x277558},
{0x3b6db0,0x277558},
{0x3b6ed0,0x277558},
{0x3b6fc8,0x277558},
{0x3b76e0,0x277558},
{0x3b7888,0x277558},
{0x3bdd08,0x277558},
{0x3ab8d8,0x3ab928},
{0x3ac7d0,0x1cb4dc},
{0x3ad9b8,0x1d773c},
{0x3b4a28,0x3b4a58},
{0x3b6bb8,0x2d2634},
{0x3ab558,0x1bb2d8},
{0x3b66f0,0xe60d4},
{0x3b22b0,0x2115cc},
{0x3b01b8,0x3b0290},
{0x3ac428,0x3ac458},
{0x3ac748,0x1ca9a8},
{0x3be898,0x3ad088},
{0x3b13c0,0x3b1498},
{0x3b2a68,0x2510b4},
{0x3b2ec8,0x2510b4},
{0x3b3af8,0x2510b4},
{0x3b6b38,0x3b6c10},
{0x3b1180,0xe23de},
{0x3beb50,0xe23de},
{0x3b6e70,0x2d6b30},
{0x3beaf8,0x3b0e18},
{0x3bf0d8,0x3b68f0},
{0x3be800,0x3aca98},
{0x3ab3c8,0x1ba44c},
{0x3b0568,0x3b0570},
{0x3b2158,0x3b2160},
{0x3b4a88,0x273d7c},
{0x3be5e8,0x3c9930},
{0x3b34c8,0x25d388},
{0x3bf008,0x3b4f40},
{0x3be8f0,0x3ad748},
{0x3bde00,0x377c74},
{0x3abc10,0x1c2a60},
{0x3ad210,0xddcce},
{0x3be8c0,0xddcce},
{0x3b7a50,0x3b7b28},
{0x3ab730,0x1bc2b4},
{0x3b6028,0x3b6108},
{0x3b24a0,0x236510},
{0x3af318,0x3af320},
{0x3b0a50,0x1fdd90},
{0x3b1210,0x3b1260},
{0x3b6b70,0x2d247c},
{0x3b1080,0xe2149},
{0x3beb30,0xe2149},
{0x3bee38,0x3b4ac0},
{0x3b5f48,0x2c5620},
{0x3b5f10,0x3b5f18},
{0x3b5f38,0x3b5f18},
{0x3b3360,0x259bd4},
{0x3b34b8,0x259bd4},
{0x3b7ad0,0x2dfa70},
{0x3aa350,0x1592d4},
{0x3be770,0x3acd58},
{0x3acb88,0xdd1a9},
{0x3b6d78,0x2d48e0},
{0x3bdcd0,0x2d48e0},
{0x3b61a8,0x2c7c90},
{0x3adb70,0x1d9378},
{0x3ab230,0x1b3388},
{0x3ab328,0x1b3388},
{0x3ab420,0x1b3388},
{0x3aba78,0x1b3388},
{0x3abb70,0x1b3388},
{0x3ac390,0x1b3388},
{0x3ac6d8,0x1b3388},
{0x3ac820,0x1b3388},
{0x3ac918,0x1b3388},
{0x3ace10,0x1b3388},
{0x3acf08,0x1b3388},
{0x3ad430,0x1b3388},
{0x3ad6b0,0x1b3388},
{0x3ad950,0x1b3388},
{0x3ada48,0x1b3388},
{0x3ae070,0x1b3388},
{0x3ae3f0,0x1b3388},
{0x3ae8f0,0x1b3388},
{0x3b0218,0x1b3388},
{0x3b0390,0x1b3388},
{0x3b0768,0x1b3388},
{0x3b08b0,0x1b3388},
{0x3b09a8,0x1b3388},
{0x3b0e80,0x1b3388},
{0x3b0f78,0x1b3388},
{0x3b1420,0x1b3388},
{0x3b15c8,0x1b3388},
{0x3b19f0,0x1b3388},
{0x3b1cb8,0x1b3388},
{0x3b1db0,0x1b3388},
{0x3b22d8,0x1b3388},
{0x3b2438,0x1b3388},
{0x3b2678,0x1b3388},
{0x3b2a00,0x1b3388},
{0x3b2b60,0x1b3388},
{0x3b2c80,0x1b3388},
{0x3b2e60,0x1b3388},
{0x3b31a8,0x1b3388},
{0x3b32e8,0x1b3388},
{0x3b3440,0x1b3388},
{0x3b3620,0x1b3388},
{0x3b3740,0x1b3388},
{0x3b3a90,0x1b3388},
{0x3b3d80,0x1b3388},
{0x3b3ea0,0x1b3388},
{0x3b4330,0x1b3388},
{0x3b4c48,0x1b3388},
{0x3b5a20,0x1b3388},
{0x3b5b80,0x1b3388},
{0x3b5c78,0x1b3388},
{0x3b5d70,0x1b3388},
{0x3b5e78,0x1b3388},
{0x3b5f98,0x1b3388},
{0x3b6088,0x1b3388},
{0x3b6188,0x1b3388},
{0x3b6280,0x1b3388},
{0x3b6378,0x1b3388},
{0x3b6768,0x1b3388},
{0x3b6860,0x1b3388},
{0x3b6958,0x1b3388},
{0x3b6a50,0x1b3388},
{0x3b6b98,0x1b3388},
{0x3b6c90,0x1b3388},
{0x3b6d90,0x1b3388},
{0x3b6eb0,0x1b3388},
{0x3b6fa8,0x1b3388},
{0x3b76c0,0x1b3388},
{0x3b7868,0x1b3388},
{0x3b7ab0,0x1b3388},
{0x3bdce8,0x1b3388},
{0x3bec60,0x3b1f30},
{0x3bede8,0x3b3e38},
{0x3b1e30,0xe30d4},
{0x3adbe0,0x3adc30},
{0x3b1090,0x3b10e0},
{0x3ab260,0x1b3398},
{0x3ab358,0x1b3398},
{0x3abaa8,0x1b3398},
{0x3abba0,0x1b3398},
{0x3ac3c0,0x1b3398},
{0x3ac708,0x1b3398},
{0x3ac850,0x1b3398},
{0x3ac948,0x1b3398},
{0x3ace40,0x1b3398},
{0x3acf38,0x1b3398},
{0x3ad460,0x1b3398},
{0x3ad6e0,0x1b3398},
{0x3ad980,0x1b3398},
{0x3ada78,0x1b3398},
{0x3ae0a0,0x1b3398},
{0x3ae420,0x1b3398},
{0x3ae920,0x1b3398},
{0x3b0248,0x1b3398},
{0x3b03c0,0x1b3398},
{0x3b0798,0x1b3398},
{0x3b08e0,0x1b3398},
{0x3b09d8,0x1b3398},
{0x3b0eb0,0x1b3398},
{0x3b0fa8,0x1b3398},
{0x3b1450,0x1b3398},
{0x3b15f8,0x1b3398},
{0x3b1a20,0x1b3398},
{0x3b1ce8,0x1b3398},
{0x3b1de0,0x1b3398},
{0x3b2308,0x1b3398},
{0x3b2468,0x1b3398},
{0x3b26a8,0x1b3398},
{0x3b2b90,0x1b3398},
{0x3b2cb0,0x1b3398},
{0x3b31d8,0x1b3398},
{0x3b3318,0x1b3398},
{0x3b3650,0x1b3398},
{0x3b3770,0x1b3398},
{0x3b3db0,0x1b3398},
{0x3b3ed0,0x1b3398},
{0x3b4360,0x1b3398},
{0x3b4c78,0x1b3398},
{0x3b5a50,0x1b3398},
{0x3b5bb0,0x1b3398},
{0x3b5fc8,0x1b3398},
{0x3b60b8,0x1b3398},
{0x3b61b8,0x1b3398},
{0x3b62b0,0x1b3398},
{0x3b63a8,0x1b3398},
{0x3b66a0,0x1b3398},
{0x3b6798,0x1b3398},
{0x3b6890,0x1b3398},
{0x3b6988,0x1b3398},
{0x3b6a80,0x1b3398},
{0x3b6bc8,0x1b3398},
{0x3b6cc0,0x1b3398},
{0x3b6dc0,0x1b3398},
{0x3b6ee0,0x1b3398},
{0x3b6fd8,0x1b3398},
{0x3b76f0,0x1b3398},
{0x3b7898,0x1b3398},
{0x3bdd18,0x1b3398},
{0x3b1e50,0x20f6b8},
{0x3be8a8,0x3ad108},
{0x3b6300,0xe5e24},
{0x3bef78,0x3b4cd0},
{0x3b5a18,0x2bec44},
{0x3aa7b0,0x173ba4},
{0x3b6900,0x276780},
{0x3b1200,0xe2529},
{0x3beb60,0xe2529},
{0x3bf0b8,0x3b6218},
{0x3b7728,0x2dd5ec},
{0x3b5d18,0x2c08e4},
{0x3ad4a0,0x1d2ce8},
{0x3ad720,0x1d2ce8},
{0x3ae0e0,0x1d2ce8},
{0x3ae460,0x1d2ce8},
{0x3b0b40,0x3b0b90},
{0x3b19b0,0x20cca0},
{0x3be810,0x3acb18},
{0x3aa300,0x156a74},
{0x3aa378,0x156a74},
{0x3abdf8,0x1c3530},
{0x3be958,0x3adb48},
{0x3b7b30,0xe6b65},
{0x3b77c8,0xe67d6},
{0x3bf138,0xe67d6},
{0x3aa4f0,0xd9d21},
{0x3ab1e0,0x1b32b4},
{0x3b36f0,0x261c58},
{0x3b3d20,0x3b3e08},
{0x3bf168,0x3cf4f0},
{0x3b6110,0xe5df8},
{0x3bdc48,0x35d1cc},
{0x3b38f8,0xe425b},
{0x3acbc0,0x1cdb1c},
{0x3ab3e0,0x1b94d0},
{0x3acd40,0x3acd48},
{0x3bec00,0x20afcc},
{0x3bee58,0xe5361},
{0x3bf128,0x2dd288},
{0x3ae0f8,0xdf035},
{0x3b7c20,0xe6bc5},
{0x3ab510,0xdb070},
{0x3bf198,0x3bdaa0},
{0x3b77f8,0xe685c},
{0x3be9c0,0x3ae888},
{0x3bea58,0x3b1288},
{0x3b14c8,0x20442c},
{0x3b6098,0x2d2d2c},
{0x3b6ca0,0x2d2d2c},
{0x3b13e0,0x204074},
{0x3bf170,0x3cf4f8},
{0x3b2140,0x3b2148},
{0x3bef98,0x3c7b00},
{0x3bef58,0x3b4b90},
{0x3b5e28,0x2c5088},
{0x3bed78,0x3b2fd8},
{0x3b49d8,0x3b4a08},
{0x3bec70,0x3b1fb0},
{0x3b5d30,0x2c1b7c},
{0x3b29c0,0x259c44},
{0x3b2e20,0x259c44},
{0x3b32a8,0x259c44},
{0x3b3a50,0x259c44},
{0x3bdcc0,0x377a30},
{0x3bdec0,0xfca93},
{0x3aba18,0x3abaf0},
{0x3b1998,0x20c604},
{0x3ab538,0xdb140},
{0x3be6a0,0xdb140},
{0x3b2ad8,0x2504f4},
{0x3b2f38,0x2504f4},
{0x3b3b68,0x2504f4},
{0x3ab648,0x1bb548},
{0x3b2fc8,0xe3f2f},
{0x3aa788,0x174c20},
{0x3b2ab0,0x251830},
{0x3be8b8,0x3ad188},
{0x3b6620,0x2cd080},
{0x3bea60,0x1fa290},
{0x3ac8a0,0xdcdcd},
{0x3acd08,0xdd4c1},
{0x3b0968,0x1fdb44},
{0x3b1280,0xe2674},
{0x3beb70,0xe2674},
{0x3b5990,0x3b59a8},
{0x3aa348,0x3aa3b8},
{0x3be820,0x3acb98},
{0x3be9d0,0x1e8254},
{0x3bef00,0x3014e8},
{0x3b6230,0x2c9da0},
{0x3aa2f8,0x156218},
{0x3aa370,0x156218},
{0x3abaf8,0xdb8a2},
{0x3b3010,0xe3f46},
{0x3b4430,0x272b00},
{0x3ac888,0x1cbabc},
{0x3be7b8,0x3ac8b0},
{0x3bebd0,0x206a20},
{0x3ad9f8,0x1d8de8},
{0x3be6c0,0x3aba10},
{0x3b42e0,0x26f1f4},
{0x3b5d40,0x2c22e0},
{0x3be4e0,0x1606f0},
{0x3ac388,0x1c5560},
{0x3beb20,0x3b1188},
{0x3b4fb0,0x29d2d0},
{0x3abe50,0x1c3814},
{0x3be658,0x3ab630},
{0x3befc8,0x3c9f74},
{0x3b6648,0x2ce070},
{0x3be550,0xd9f8f},
{0x3b37d0,0x3b3800},
{0x3b3e10,0xe45dc},
{0x3ac360,0x1c5870},
{0x3b1fc8,0x3b2018},
{0x3b2f10,0x2585bc},
{0x3b33f0,0x25d364},
{0x3be698,0x3ab4b0},
{0x3b2e10,0x258598},
{0x3bee78,0xe570e},
{0x3be3f8,0x3c88b0},
{0x3ab8e8,0x1bce74},
{0x3be7b0,0x3ac7b8},
{0x3ae958,0x1ebb58},
{0x3be850,0x3acea0},
{0x3be9e0,0x3af2f0},
{0x3acb30,0x3acb80},
{0x3ad2a8,0xdde02},
{0x3bec80,0x3b2030},
{0x3b2cf8,0x252bdc},
{0x3b6928,0x2d0da8},
{0x3b43e8,0x272980},
{0x3b66d8,0x2cedcc},
{0x3b34d0,0x25d400},
{0x3ab218,0x1b3380},
{0x3ab310,0x1b3380},
{0x3ab408,0x1b3380},
{0x3aba60,0x1b3380},
{0x3abb58,0x1b3380},
{0x3ac378,0x1b3380},
{0x3ac6c0,0x1b3380},
{0x3ac808,0x1b3380},
{0x3ac900,0x1b3380},
{0x3acdf8,0x1b3380},
{0x3acef0,0x1b3380},
{0x3ad418,0x1b3380},
{0x3ad698,0x1b3380},
{0x3ad938,0x1b3380},
{0x3ada30,0x1b3380},
{0x3ae058,0x1b3380},
{0x3ae3d8,0x1b3380},
{0x3ae8d8,0x1b3380},
{0x3b0200,0x1b3380},
{0x3b0378,0x1b3380},
{0x3b0750,0x1b3380},
{0x3b0898,0x1b3380},
{0x3b0990,0x1b3380},
{0x3b0e68,0x1b3380},
{0x3b0f60,0x1b3380},
{0x3b1408,0x1b3380},
{0x3b15b0,0x1b3380},
{0x3b19d8,0x1b3380},
{0x3b1ca0,0x1b3380},
{0x3b1d98,0x1b3380},
{0x3b22c0,0x1b3380},
{0x3b2420,0x1b3380},
{0x3b2660,0x1b3380},
{0x3b29e8,0x1b3380},
{0x3b2b48,0x1b3380},
{0x3b2c68,0x1b3380},
{0x3b2e48,0x1b3380},
{0x3b3190,0x1b3380},
{0x3b32d0,0x1b3380},
{0x3b3428,0x1b3380},
{0x3b3608,0x1b3380},
{0x3b3728,0x1b3380},
{0x3b3a78,0x1b3380},
{0x3b3d68,0x1b3380},
{0x3b3e88,0x1b3380},
{0x3b4318,0x1b3380},
{0x3b4c30,0x1b3380},
{0x3b5a08,0x1b3380},
{0x3b5b68,0x1b3380},
{0x3b5c60,0x1b3380},
{0x3b5d58,0x1b3380},
{0x3b5e60,0x1b3380},
{0x3b5f80,0x1b3380},
{0x3b6070,0x1b3380},
{0x3b6170,0x1b3380},
{0x3b6268,0x1b3380},
{0x3b6360,0x1b3380},
{0x3b6658,0x1b3380},
{0x3b6750,0x1b3380},
{0x3b6848,0x1b3380},
{0x3b6940,0x1b3380},
{0x3b6a38,0x1b3380},
{0x3b6b80,0x1b3380},
{0x3b6c78,0x1b3380},
{0x3b6e98,0x1b3380},
{0x3b6f90,0x1b3380},
{0x3b76a8,0x1b3380},
{0x3b7850,0x1b3380},
{0x3b7a98,0x1b3380},
{0x3be8c8,0x3ad208},
{0x3b69f8,0x2d1dd0},
{0x3be4e8,0x3c8908},
{0x3b6d30,0x3b6e30},
{0x3bdd98,0x3b6e30},
{0x3b0e30,0x1ffc58},
{0x3b4a38,0x273d20},
{0x3ac980,0x1cd180},
{0x3be830,0x3acc18},
{0x3ad1a8,0x1d16e0},
{0x3bee00,0xe46ad},
{0x3abbd8,0x1c21d8},
{0x3ac330,0x3ac408},
{0x3be790,0x1c992c},
{0x3af328,0xe01c6},
{0x3b2d48,0xe3dc0},
{0x3abb18,0x1c2554},
{0x3b0a10,0x1fdc60},
{0x3ab5a0,0x1bb31c},
{0x3beca0,0x3b2130},
{0x3bef28,0x3c7be8},
{0x3bf0c8,0x3b6608},
{0x3be788,0x1c9718},
{0x3ac148,0xdc5e3},
{0x3bef68,0x3c9f50},
{0x3abe28,0xdbdd0},
{0x3becd0,0x3b2730},
{0x3b7758,0x3b77a8},
{0x3bdd80,0x377ac0},
{0x3aa310,0x1570d0},
{0x3aa388,0x1570d0},
{0x3b7b48,0x3b7ba8},
{0x3b43b0,0xe4bb2},
{0x3bef60,0xe57e8},
{0x3b4ce8,0x27b65c},
{0x3be848,0x3acda8},
{0x3b3d30,0x26d084},
{0x3b49e8,0x273cc4},
{0x3b0428,0x3b0478},
{0x3b0b30,0xe1939},
{0x3beab8,0xe1939},
{0x3b3028,0xe3f58},
{0x3b2940,0xe3c8e},
{0x3bee70,0xe5632},
{0x3b7bc0,0xe6bb1},
{0x3b2810,0xe3b77},
{0x3b6ea8,0x2d6928},
{0x3bec90,0x3b20b0},
{0x3b2a70,0x2591b8},
{0x3b2ed0,0x2591b8},
{0x3b3218,0x2591b8},
{0x3b3358,0x2591b8},
{0x3b34b0,0x2591b8},
{0x3b3b00,0x2591b8},
{0x3bef48,0x3c9f20},
{0x3ac430,0x1c5b88},
{0x3bdd70,0x377aac},
{0x3beb88,0x3b12f8},
{0x3b69d8,0xe610a},
{0x3ab210,0x1b337c},
{0x3ab308,0x1b337c},
{0x3ab400,0x1b337c},
{0x3aba58,0x1b337c},
{0x3abb50,0x1b337c},
{0x3ac370,0x1b337c},
{0x3ac6b8,0x1b337c},
{0x3ac800,0x1b337c},
{0x3ac8f8,0x1b337c},
{0x3acdf0,0x1b337c},
{0x3acee8,0x1b337c},
{0x3ad410,0x1b337c},
{0x3ad690,0x1b337c},
{0x3ad930,0x1b337c},
{0x3ada28,0x1b337c},
{0x3ae050,0x1b337c},
{0x3ae3d0,0x1b337c},
{0x3ae8d0,0x1b337c},
{0x3b01f8,0x1b337c},
{0x3b0370,0x1b337c},
{0x3b0748,0x1b337c},
{0x3b0890,0x1b337c},
{0x3b0988,0x1b337c},
{0x3b0e60,0x1b337c},
{0x3b0f58,0x1b337c},
{0x3b1400,0x1b337c},
{0x3b15a8,0x1b337c},
{0x3b19d0,0x1b337c},
{0x3b1c98,0x1b337c},
{0x3b1d90,0x1b337c},
{0x3b22b8,0x1b337c},
{0x3b2418,0x1b337c},
{0x3b2658,0x1b337c},
{0x3b29e0,0x1b337c},
{0x3b2b40,0x1b337c},
{0x3b2c60,0x1b337c},
{0x3b2e40,0x1b337c},
{0x3b3188,0x1b337c},
{0x3b32c8,0x1b337c},
{0x3b3420,0x1b337c},
{0x3b3600,0x1b337c},
{0x3b3720,0x1b337c},
{0x3b3a70,0x1b337c},
{0x3b3d60,0x1b337c},
{0x3b3e80,0x1b337c},
{0x3b4310,0x1b337c},
{0x3b4c28,0x1b337c},
{0x3b5a00,0x1b337c},
{0x3b5b60,0x1b337c},
{0x3b5c58,0x1b337c},
{0x3b5d50,0x1b337c},
{0x3b5e58,0x1b337c},
{0x3b5f78,0x1b337c},
{0x3b6068,0x1b337c},
{0x3b6168,0x1b337c},
{0x3b6260,0x1b337c},
{0x3b6358,0x1b337c},
{0x3b6650,0x1b337c},
{0x3b6748,0x1b337c},
{0x3b6840,0x1b337c},
{0x3b6938,0x1b337c},
{0x3b6a30,0x1b337c},
{0x3b6b78,0x1b337c},
{0x3b6c70,0x1b337c},
{0x3b6e90,0x1b337c},
{0x3b6f88,0x1b337c},
{0x3b76a0,0x1b337c},
{0x3b7848,0x1b337c},
{0x3b7a90,0x1b337c},
{0x3b2958,0x3b2980},
{0x3b7b88,0x2e6aa4},
{0x3abed0,0x3abed8},
{0x3b04c8,0xe11e2},
{0x3b0560,0xe12bd},
{0x3b1330,0xe27d1},
{0x3b2150,0xe37a5},
{0x3aa7d8,0x173b6c},
{0x3ab960,0xdb6a4},
{0x3b6c38,0x1bda38},
{0x3b2aa0,0x2504e4},
{0x3b2f00,0x2504e4},
{0x3b3b30,0x2504e4},
{0x3b2a98,0x2504ec},
{0x3b2ef8,0x2504ec},
{0x3b3b28,0x2504ec},
{0x3b3d58,0x26a850},
{0x3b6f48,0x3b7340},
{0x3adcb8,0xde9e8},
{0x3b4f58,0x28be20},
{0x3b1168,0xe2326},
{0x3b5ef0,0x2c4168},
{0x3bdb58,0x35bd70},
{0x3be9f0,0x3b0328},
{0x3b4ba8,0x276408},
{0x3ab6c0,0xdb2c1},
{0x3ac8c0,0x1ccff4},
{0x3b10a0,0x201e9c},
{0x3ac178,0x3ac180},
{0x3b7bc8,0x3b7bd0},
{0x3bdbd8,0x3b7bd0},
{0x3b2c30,0x252bb8},
{0x3aba20,0x1be190},
{0x3b4fd0,0x29f0d8},
{0x3aba50,0x276edc},
{0x3abb48,0x276edc},
{0x3ac368,0x276edc},
{0x3ac6b0,0x276edc},
{0x3ac7f8,0x276edc},
{0x3ac8f0,0x276edc},
{0x3acde8,0x276edc},
{0x3acee0,0x276edc},
{0x3ad408,0x276edc},
{0x3ad688,0x276edc},
{0x3ad928,0x276edc},
{0x3ada20,0x276edc},
{0x3ae048,0x276edc},
{0x3ae3c8,0x276edc},
{0x3ae8c8,0x276edc},
{0x3b01f0,0x276edc},
{0x3b0368,0x276edc},
{0x3b0740,0x276edc},
{0x3b0888,0x276edc},
{0x3b0980,0x276edc},
{0x3b0e58,0x276edc},
{0x3b0f50,0x276edc},
{0x3b13f8,0x276edc},
{0x3b15a0,0x276edc},
{0x3b19c8,0x276edc},
{0x3b1c90,0x276edc},
{0x3b1d88,0x276edc},
{0x3b2c58,0x276edc},
{0x3b3718,0x276edc},
{0x3b3e78,0x276edc},
{0x3b4c20,0x276edc},
{0x3b59f8,0x276edc},
{0x3b5f70,0x276edc},
{0x3b6740,0x276edc},
{0x3b6e88,0x276edc},
{0x3b6f80,0x276edc},
{0x3b7698,0x276edc},
{0x3b7840,0x276edc},
{0x3b0710,0x1fb414},
{0x3bf1b0,0x3bdb90},
{0x3be840,0x3acd18},
{0x3b20c8,0x3b2118},
{0x3b34e8,0x25ff24},
{0x3ab240,0x277500},
{0x3ab430,0x277500},
{0x3aba88,0x277500},
{0x3abb80,0x277500},
{0x3ac3a0,0x277500},
{0x3ac6e8,0x277500},
{0x3ac830,0x277500},
{0x3ac928,0x277500},
{0x3ace20,0x277500},
{0x3acf18,0x277500},
{0x3ad440,0x277500},
{0x3ad6c0,0x277500},
{0x3ad960,0x277500},
{0x3ada58,0x277500},
{0x3ae080,0x277500},
{0x3ae400,0x277500},
{0x3ae900,0x277500},
{0x3b0228,0x277500},
{0x3b03a0,0x277500},
{0x3b0778,0x277500},
{0x3b08c0,0x277500},
{0x3b09b8,0x277500},
{0x3b0e90,0x277500},
{0x3b0f88,0x277500},
{0x3b1430,0x277500},
{0x3b15d8,0x277500},
{0x3b1a00,0x277500},
{0x3b1cc8,0x277500},
{0x3b1dc0,0x277500},
{0x3b22e8,0x277500},
{0x3b2448,0x277500},
{0x3b2688,0x277500},
{0x3b2a10,0x277500},
{0x3b2b70,0x277500},
{0x3b2c90,0x277500},
{0x3b2e70,0x277500},
{0x3b31b8,0x277500},
{0x3b32f8,0x277500},
{0x3b3450,0x277500},
{0x3b3630,0x277500},
{0x3b3750,0x277500},
{0x3b3aa0,0x277500},
{0x3b3d90,0x277500},
{0x3b3eb0,0x277500},
{0x3b4340,0x277500},
{0x3b4c58,0x277500},
{0x3b5a30,0x277500},
{0x3b5b90,0x277500},
{0x3b5c88,0x277500},
{0x3b5d80,0x277500},
{0x3b5e88,0x277500},
{0x3b5fa8,0x277500},
{0x3b6198,0x277500},
{0x3b6388,0x277500},
{0x3b6778,0x277500},
{0x3b6870,0x277500},
{0x3b6968,0x277500},
{0x3b6a60,0x277500},
{0x3b6ba8,0x277500},
{0x3b6ec0,0x277500},
{0x3b6fb8,0x277500},
{0x3b76d0,0x277500},
{0x3b7878,0x277500},
{0x3b7ac0,0x277500},
{0x3b6d40,0x2d48dc},
{0x3be548,0x3aa6d0},
{0x3aa6e8,0x16aa88},
{0x3b0f20,0x2018d8},
{0x3aa2e0,0x156160},
{0x3bed90,0x3b35b8},
{0x3abb10,0x3abbe8},
{0x3bf0d0,0x3b67f8},
{0x3abce0,0xdba19},
{0x3b0bb0,0xe1abd},
{0x3beac8,0xe1abd},
{0x3b4f48,0x3b4f78},
{0x3bf020,0x3b4f90},
{0x3bf1f0,0x36afcc},
{0x3b3168,0x258d5c},
{0x3be8e8,0x3ad648},
{0x3b5c20,0x2c0474},
{0x3bf130,0x3b7750},
{0x3bdbd0,0xfc621},
{0x3ad660,0x1d5e74},
{0x3bec40,0x3b2040},
{0x3be9a8,0x3adec8},
{0x3bea90,0x3b0b38},
{0x3b2968,0x24d6e0},
{0x3bee10,0x3c9ef8},
{0x3abcc8,0xdb9ac},
{0x3be708,0xdb9ac},
{0x3ab390,0x1b4370},
{0x3abbf0,0xdb8b2},
{0x3b2ff0,0x2585d0},
{0x3b6328,0x2cca8c},
{0x3ab620,0xdb22e},
{0x3be918,0x3ad8e8},
{0x3b0e78,0x1fff70},
{0x3b2978,0x24a4ac},
{0x3be920,0x3ad9e0},
{0x3b6670,0x2cdee8},
{0x3be540,0x3c97a0},
{0x3adae8,0x1d9010},
{0x3b4b28,0x273e34},
{0x3af298,0x1ee4fc},
{0x3b5ae0,0x2bef48},
{0x3b2ac0,0x2505fc},
{0x3b2f20,0x2505fc},
{0x3b3b50,0x2505fc},
{0x3b6160,0x2c79f4},
{0x3bece0,0x3b2860},
{0x3ad0f8,0xdd953},
{0x3bec08,0x3b20c0},
{0x3bedd0,0x3b3908},
{0x3b36c8,0xe4124},
{0x3b7808,0x3b78e0},
{0x3b6618,0x2ccff4},
{0x3af2f8,0xe016f},
{0x3be9d8,0xe016f},
{0x3b0d20,0x3b0d28},
{0x3b0db0,0x3b0d28},
{0x3b3298,0x25a694},
{0x3abeb8,0x3abec0},
{0x3becd8,0x3b2758},
{0x3b4308,0x271e60},
{0x3b6208,0xe5e0c},
{0x3ad498,0x1d2e00},
{0x3ad718,0x1d2e00},
{0x3ae0d8,0x1d2e00},
{0x3ae458,0x1d2e00},
{0x3b0c30,0xe1c41},
{0x3bead8,0xe1c41},
{0x3b42d8,0x26f11c},
{0x3aa7a8,0x177110},
{0x3b0b18,0xe1865},
{0x3bdc98,0x377a0c},
{0x3b2ff8,0x258640},
{0x3b3f40,0x26d36c},
{0x3b3500,0x25d51c},
{0x3b2bd8,0x252838},
{0x3aa7b8,0x177230},
{0x3af300,0x3af308},
{0x3b0c50,0x1fe608},
{0x3b5b30,0x2bf73c},
{0x3b7670,0x2dd730},
{0x3b33e8,0x25c9e0},
{0x3b6258,0x2c9c24},
{0x3bddc0,0x377b84},
{0x3beff0,0x3c9f78},
{0x3ab580,0xdb1a3},
{0x3b3510,0x25d744},
{0x3b16e0,0x3b1730},
{0x3ab5e8,0x3ab618},
{0x3b0948,0x3b0a20},
{0x3bedf8,0x3b3f28},
{0x3b68c0,0x2d0a04},
{0x3b2920,0x245248},
{0x3b6030,0x256a3c},
{0x3be630,0x3ab2c0},
{0x3ab3f8,0x1b95e4},
{0x3ac100,0x1c3e78},
{0x3b5c38,0x2bff9c},
{0x3b6760,0x2cfa34},
{0x3ab4c8,0x1bae40},
{0x3be6b8,0x3ab940},
{0x3b0dd0,0x3b0e00},
{0x3bee28,0x3b4a70},
{0x3ad128,0x1d1350},
{0x3bf090,0x3b5c10},
{0x3be6d8,0x3abc00},
{0x3b60a0,0x2c5f74},
{0x3b6e60,0x2d6f88},
{0x3ac7c8,0x1cb3a0},
{0x3be948,0x3adcd8},
{0x3bee80,0x3c9f00},
{0x3b61a0,0x2c7d38},
{0x3ab550,0x1bb2c4},
{0x3b0cb0,0xe1dc5},
{0x3beae8,0xe1dc5},
{0x3b2820,0xe3b85},
{0x3b0f38,0x201948},
{0x3bec20,0x3b1e40},
{0x3b4fa8,0x29d288},
{0x3ab3a8,0xdb045},
{0x3bef38,0x3c9f08},
{0x3b23d8,0x3b2558},
{0x3b67d0,0x2cffe0},
{0x3b7818,0x2dee78},
{0x3ab638,0x3ab668},
{0x3ad3f0,0x1d2b08},
{0x3ad670,0x1d2b08},
{0x3ae030,0x1d2b08},
{0x3ae3b0,0x1d2b08},
{0x3be6f0,0x1c0f44},
{0x3beda8,0x3b36d8},
{0x3b59a0,0x2be67c},
{0x3b4ce0,0x27b394},
{0x3b5b78,0x2bf51c},
{0x3b5cf8,0xe5d96},
{0x3b6d70,0x2d48ec},
{0x3bdcc8,0x2d48ec},
{0x3bdc70,0xfc6fe},
{0x3ac688,0x1ca4a4},
{0x3ad0a0,0x3ad0f0},
{0x3b68f8,0x3b69d0},
{0x3bf0f0,0xe61ae},
{0x3bdbf8,0x35d150},
{0x3b14b8,0x3b1508},
{0x3b5ca8,0x2c00f4},
{0x3b7900,0x3b7930},
{0x3be728,0x3abea8},
{0x3bee40,0x3b4b10},
{0x3befb8,0x3c9f68},
{0x3bdba0,0x35cf0c},
{0x3b1990,0x3b1a68},
{0x3be4b0,0x15e4d0},
{0x3b1488,0x204184},
{0x3b27f8,0xe3b66},
{0x3be888,0x3ad008},
{0x3b13d0,0x204050},
{0x3b29b0,0x25180c},
{0x3b6a28,0x2d1650},
{0x3b7ad8,0x2df5b4},
{0x3b0a48,0x1fdd30},
{0x3bed70,0x3b2df8},
{0x3b7b80,0x2e69c4},
{0x3b6090,0x2d2dac},
{0x3b6c98,0x2d2dac},
{0x3b5f40,0x2c54d0},
{0x3be4a8,0x15e32c},
{0x3aa7d0,0x173a14},
{0x3b0870,0x1fbe3c},
{0x3b1318,0xe2799},
{0x3ac770,0x3ac7a0},
{0x3b07e8,0xe15b7},
{0x3b5b08,0xe5d2e},
{0x3be9b8,0x3ae388},
{0x3b6cb0,0x2d3900},
{0x3b35f8,0x260e84},
{0x3b5ce0,0x2c0228},
{0x3ac818,0x1cb7c0},
{0x3bde30,0x3bde50},
{0x3bf258,0x3bde50},
{0x3ab2e8,0x1b3ce4},
{0x3b2020,0xe3497},
{0x3bdbb0,0x35c430},
{0x3b1770,0x3b1778},
{0x3bec30,0x3b1f40},
{0x3bed38,0x3b2998},
{0x3bdde0,0x38c294},
{0x3b2058,0x20ff5c},
{0x3bf1d8,0xfc6b2},
{0x3be798,0x1c9960},
{0x3b3b10,0x265bc8},
{0x3b6220,0x3b62f8},
{0x3b6d38,0x2d47b0},
{0x3be7d0,0x3acaa8},
{0x3ad278,0xddd6a},
{0x3aa2d8,0x155ddc},
{0x3ab1d8,0x1b31fc},
{0x3b14a0,0xe2881},
{0x3b1d38,0xe30bb},
{0x3b36e8,0x261b6c},
{0x3b77e8,0x3b77f0},
{0x3ab2a0,0x278278},
{0x3ab398,0x278278},
{0x3ab490,0x278278},
{0x3abae8,0x278278},
{0x3abbe0,0x278278},
{0x3ac400,0x278278},
{0x3ac890,0x278278},
{0x3ac988,0x278278},
{0x3ace80,0x278278},
{0x3acf78,0x278278},
{0x3ad9c0,0x278278},
{0x3adab8,0x278278},
{0x3b0400,0x278278},
{0x3b07d8,0x278278},
{0x3b0920,0x278278},
{0x3b0a18,0x278278},
{0x3b0ef0,0x278278},
{0x3b0fe8,0x278278},
{0x3b1490,0x278278},
{0x3b1638,0x278278},
{0x3b1a60,0x278278},
{0x3b1d28,0x278278},
{0x3b1e20,0x278278},
{0x3b2348,0x278278},
{0x3b24a8,0x278278},
{0x3b26e8,0x278278},
{0x3b2bd0,0x278278},
{0x3b2cf0,0x278278},
{0x3b3690,0x278278},
{0x3b37b0,0x278278},
{0x3b3f10,0x278278},
{0x3b4cb8,0x278278},
{0x3b5a90,0x278278},
{0x3b5bf0,0x278278},
{0x3b5ce8,0x278278},
{0x3b5de0,0x278278},
{0x3b5ee8,0x278278},
{0x3b6008,0x278278},
{0x3b60f8,0x278278},
{0x3b61f8,0x278278},
{0x3b62f0,0x278278},
{0x3b63e8,0x278278},
{0x3b66e0,0x278278},
{0x3b67d8,0x278278},
{0x3b68d0,0x278278},
{0x3b69c8,0x278278},
{0x3b6ac0,0x278278},
{0x3b6c08,0x278278},
{0x3b6d00,0x278278},
{0x3b6e00,0x278278},
{0x3b6f20,0x278278},
{0x3b7018,0x278278},
{0x3b7730,0x278278},
{0x3b78d8,0x278278},
{0x3b7b20,0x278278},
{0x3bdd58,0x278278},
{0x3bea70,0x3b0848},
{0x3b37c0,0x261c80},
{0x3bf1f8,0x3bdc80},
{0x3ad3e0,0x1d2a80},
{0x3acbb8,0x1cdaf4},
{0x3b3508,0x25d544},
{0x3b7680,0x2dd3b4},
{0x3ac698,0x1ca804},
{0x3ad750,0x3ad780},
{0x3b07d0,0x1fb2f8},
{0x3b1d60,0x20f490},
{0x3bee60,0xe5453},
{0x3bf0f8,0x3b6b30},
{0x3bdba8,0x35d038},
{0x3b4b00,0xe55a1},
{0x3ad658,0x1d5e70},
{0x3b0de0,0x1ff458},
{0x3be7f0,0x3aca18},
{0x3ac740,0x1caac8},
{0x3b36b0,0xe4103},
{0x3b4bd0,0xe5768},
{0x3aa328,0x1577f8},
{0x3b0550,0x3b0558},
{0x3aa7f0,0x3aa7f8},
{0x3b35c0,0x3b36a8},
{0x3b5e20,0x2c502c},
{0x3b6c18,0xe61f7},
{0x3bec10,0x3b1c50},
{0x3bef90,0x3c7afc},
{0x3b4ff8,0xe5913},
{0x3bf0b0,0x3b6120},
{0x3ab698,0x1bb5a0},
{0x3b0850,0x3b0928},
{0x3b36a0,0x26198c},
{0x3b2410,0x22fb88},
{0x3b3820,0x3b3870},
{0x3ab640,0x1bb534},
{0x3bed50,0x3b3140},
{0x3b23f0,0x21c760},
{0x3be750,0x3ac670},
{0x3ac780,0x1cacdc},
{0x3ac188,0xdc718},
{0x3ad4b8,0xddf97},
{0x3bdaa8,0x3bdad8},
{0x3b4410,0x3b4438},
{0x3bde48,0x384ad4},
{0x3b6228,0x2c9ca0},
{0x3b16f0,0x208594},
{0x3ab280,0x2783b4},
{0x3ab378,0x2783b4},
{0x3ab470,0x2783b4},
{0x3abac8,0x2783b4},
{0x3abbc0,0x2783b4},
{0x3ac3e0,0x2783b4},
{0x3ac728,0x2783b4},
{0x3ac870,0x2783b4},
{0x3ac968,0x2783b4},
{0x3ace60,0x2783b4},
{0x3acf58,0x2783b4},
{0x3ad480,0x2783b4},
{0x3ad700,0x2783b4},
{0x3ad9a0,0x2783b4},
{0x3ada98,0x2783b4},
{0x3ae0c0,0x2783b4},
{0x3ae440,0x2783b4},
{0x3ae940,0x2783b4},
{0x3b0268,0x2783b4},
{0x3b03e0,0x2783b4},
{0x3b07b8,0x2783b4},
{0x3b0900,0x2783b4},
{0x3b09f8,0x2783b4},
{0x3b0ed0,0x2783b4},
{0x3b0fc8,0x2783b4},
{0x3b1470,0x2783b4},
{0x3b1618,0x2783b4},
{0x3b1a40,0x2783b4},
{0x3b1d08,0x2783b4},
{0x3b1e00,0x2783b4},
{0x3b2328,0x2783b4},
{0x3b2488,0x2783b4},
{0x3b26c8,0x2783b4},
{0x3b2a50,0x2783b4},
{0x3b2bb0,0x2783b4},
{0x3b2cd0,0x2783b4},
{0x3b2eb0,0x2783b4},
{0x3b31f8,0x2783b4},
{0x3b3338,0x2783b4},
{0x3b3490,0x2783b4},
{0x3b3670,0x2783b4},
{0x3b3790,0x2783b4},
{0x3b3ae0,0x2783b4},
{0x3b3dd0,0x2783b4},
{0x3b3ef0,0x2783b4},
{0x3b4380,0x2783b4},
{0x3b4c98,0x2783b4},
{0x3b5a70,0x2783b4},
{0x3b5bd0,0x2783b4},
{0x3b5cc8,0x2783b4},
{0x3b5dc0,0x2783b4},
{0x3b5ec8,0x2783b4},
{0x3b5fe8,0x2783b4},
{0x3b60d8,0x2783b4},
{0x3b61d8,0x2783b4},
{0x3b62d0,0x2783b4},
{0x3b63c8,0x2783b4},
{0x3b66c0,0x2783b4},
{0x3b67b8,0x2783b4},
{0x3b68b0,0x2783b4},
{0x3b69a8,0x2783b4},
{0x3b6aa0,0x2783b4},
{0x3b6be8,0x2783b4},
{0x3b6ce0,0x2783b4},
{0x3b6f00,0x2783b4},
{0x3b6ff8,0x2783b4},
{0x3b7710,0x2783b4},
{0x3b78b8,0x2783b4},
{0x3b7b00,0x2783b4},
{0x3accb0,0x3acd00},
{0x3bec50,0x3b1eb0},
{0x3ab3f0,0x1b9698},
{0x3ac160,0xdc679},
{0x3ad230,0x1d1e94},
{0x3ad9f0,0x1d8db4},
{0x3b3808,0xe4146},
{0x3b6af8,0x2d1f40},
{0x3beda0,0x3b3898},
{0x3bdea8,0x377b6c},
{0x3b27a8,0x23fb48},
{0x3b37e0,0x2631bc},
{0x3b7740,0xe675b},
{0x3bdc90,0x3779ac},
{0x3b23b0,0x3b23c0},
{0x3b23e8,0x218f04},
{0x3b0bd0,0x1fe278},
{0x3bf010,0xe58cc},
{0x3ab228,0x1b3384},
{0x3aba70,0x1b3384},
{0x3ac6d0,0x1b3384},
{0x3ac910,0x1b3384},
{0x3acf00,0x1b3384},
{0x3ad428,0x1b3384},
{0x3ad6a8,0x1b3384},
{0x3ada40,0x1b3384},
{0x3ae068,0x1b3384},
{0x3ae3e8,0x1b3384},
{0x3b0210,0x1b3384},
{0x3b0760,0x1b3384},
{0x3b09a0,0x1b3384},
{0x3b0f70,0x1b3384},
{0x3b1418,0x1b3384},
{0x3b15c0,0x1b3384},
{0x3b19e8,0x1b3384},
{0x3b1da8,0x1b3384},
{0x3b22d0,0x1b3384},
{0x3b2430,0x1b3384},
{0x3b2670,0x1b3384},
{0x3b29f8,0x1b3384},
{0x3b2b58,0x1b3384},
{0x3b2c78,0x1b3384},
{0x3b2e58,0x1b3384},
{0x3b31a0,0x1b3384},
{0x3b32e0,0x1b3384},
{0x3b3438,0x1b3384},
{0x3b3738,0x1b3384},
{0x3b3a88,0x1b3384},
{0x3b3d78,0x1b3384},
{0x3b3e98,0x1b3384},
{0x3b4328,0x1b3384},
{0x3b4c40,0x1b3384},
{0x3b5f90,0x1b3384},
{0x3b6278,0x1b3384},
{0x3b6370,0x1b3384},
{0x3b6950,0x1b3384},
{0x3ab930,0xdb5d0},
{0x3b29d8,0x259314},
{0x3b2e38,0x259314},
{0x3b3180,0x259314},
{0x3b32c0,0x259314},
{0x3b3418,0x259314},
{0x3b3a68,0x259314},
{0x3be870,0x3ad118},
{0x3b0838,0xe15c9},
{0x3b33e0,0x3b35a0},
{0x3b0438,0x1f8e80},
{0x3b2e08,0x257c18},
{0x3ab8e0,0x1bce50},
{0x3b6b20,0xe6132},
{0x3aa7a0,0x173b90},
{0x3be938,0x3adbd8},
{0x3af2e0,0xe0117},
{0x3b27a0,0x2406e0},
{0x3bf088,0x3b5ac8},
{0x3b6060,0x2c6370},
{0x3be5c8,0x3c9878},
{0x3b43d0,0x2728dc},
{0x3bedc0,0x3b3888},
{0x3b6180,0x2c82dc},
{0x3b6718,0x2d0220},
{0x3b7860,0x2dea5c},
{0x3b1540,0xe292b},
{0x3b66d0,0x2ce464},
{0x3ab298,0x1b2e24},
{0x3beb48,0x3b10f8},
{0x3bf218,0x3cf6b0},
{0x3acdc0,0x1cef54},
{0x3b0e28,0x1ffb1c},
{0x3b1c18,0x20d020},
{0x3ace08,0x1cf26c},
{0x3ad4a8,0x1d2aa4},
{0x3ad728,0x1d2aa4},
{0x3ae468,0x1d2aa4},
{0x3b23c8,0xe3ace},
{0x3be470,0x15d898},
{0x3be9c8,0x3af280},
{0x3beba8,0x203d68},
{0x3becb0,0x3b23d0},
{0x3b2d20,0x253334},
{0x3b6d60,0x2d5838},
{0x3bdcb8,0x2d5838},
{0x3b6ca8,0x2d3930},
{0x3bf178,0x3b7b60},
{0x3ab200,0x1b2bfc},
{0x3ae8b0,0x1eb8ac},
{0x3becc8,0x3b2708},
{0x3bf158,0x2e1b6c},
{0x3aa398,0x159350},
{0x3be4f8,0x3c7818},
{0x3bde78,0x3bde80},
{0x3bde98,0x3bde80},
{0x3bdec8,0x3bde80},
{0x3b43e0,0x272afc},
{0x3b4428,0x272afc},
{0x3acfb0,0x1d0e90},
{0x3ad0b0,0x1d12b4},
{0x3b3368,0x2596ec},
{0x3b34c0,0x25da8c},
{0x3be900,0x3ade58},
{0x3b5998,0x2be5f0},
{0x3b60a8,0x2c5ec4},
{0x3ac680,0x1c9f5c},
{0x3aceb8,0x1d0c08},
{0x3acc08,0xdd2dc},
{0x3b7be8,0x3b7c18},
{0x3adef0,0x3adef8},
{0x3b3d28,0x26cfb0},
{0x3be908,0x1d5c48},
{0x3b5e70,0x2c37d0},
{0x3b7b18,0x2e0ab4},
{0x3ab288,0x278418},
{0x3ab380,0x278418},
{0x3ab478,0x278418},
{0x3abad0,0x278418},
{0x3abbc8,0x278418},
{0x3ac3e8,0x278418},
{0x3ac730,0x278418},
{0x3ac878,0x278418},
{0x3ac970,0x278418},
{0x3ace68,0x278418},
{0x3acf60,0x278418},
{0x3ad488,0x278418},
{0x3ad708,0x278418},
{0x3ad9a8,0x278418},
{0x3adaa0,0x278418},
{0x3ae0c8,0x278418},
{0x3ae448,0x278418},
{0x3ae948,0x278418},
{0x3b0270,0x278418},
{0x3b03e8,0x278418},
{0x3b07c0,0x278418},
{0x3b0908,0x278418},
{0x3b0a00,0x278418},
{0x3b0ed8,0x278418},
{0x3b0fd0,0x278418},
{0x3b1478,0x278418},
{0x3b1620,0x278418},
{0x3b1a48,0x278418},
{0x3b1d10,0x278418},
{0x3b1e08,0x278418},
{0x3b2330,0x278418},
{0x3b2490,0x278418},
{0x3b26d0,0x278418},
{0x3b2a58,0x278418},
{0x3b2bb8,0x278418},
{0x3b2cd8,0x278418},
{0x3b2eb8,0x278418},
{0x3b3200,0x278418},
{0x3b3340,0x278418},
{0x3b3498,0x278418},
{0x3b3678,0x278418},
{0x3b3798,0x278418},
{0x3b3ae8,0x278418},
{0x3b3dd8,0x278418},
{0x3b3ef8,0x278418},
{0x3b4388,0x278418},
{0x3b4ca0,0x278418},
{0x3b5a78,0x278418},
{0x3b5bd8,0x278418},
{0x3b5cd0,0x278418},
{0x3b5dc8,0x278418},
{0x3b5ed0,0x278418},
{0x3b5ff0,0x278418},
{0x3b60e0,0x278418},
{0x3b61e0,0x278418},
{0x3b62d8,0x278418},
{0x3b63d0,0x278418},
{0x3b66c8,0x278418},
{0x3b67c0,0x278418},
{0x3b68b8,0x278418},
{0x3b69b0,0x278418},
{0x3b6aa8,0x278418},
{0x3b6bf0,0x278418},
{0x3b6ce8,0x278418},
{0x3b6f08,0x278418},
{0x3b7000,0x278418},
{0x3b7718,0x278418},
{0x3b78c0,0x278418},
{0x3b7b08,0x278418},
{0x3ab548,0x3ab578},
{0x3adc60,0x3adcb0},
{0x3bef50,0x3c9f40},
{0x3b1110,0x3b1160},
{0x3b2f18,0x257a00},
{0x3ad2b0,0x3ad2b8},
{0x3b5ad0,0x3b5b00},
{0x3b6138,0x2c875c},
{0x3b6128,0x3b6200},
{0x3b13c8,0x203ff4},
{0x3b6b48,0x2d2854},
{0x3be3f0,0x3aa340},
{0x3ab2d8,0x1b45fc},
{0x3aca88,0xdcf43},
{0x3acd50,0xdd594},
{0x3b0bc0,0x3b0c10},
{0x3be668,0x3ab6d0},
{0x3beb58,0x3b1178},
{0x3b3e00,0x26d0a8},
{0x3b6a10,0x2d1398},
{0x3bdb50,0x35bd5c},
{0x3bde88,0xfca7f},
{0x3bef30,0x2759a0},
{0x3b78e8,0xe689c},
{0x3ad9e8,0x3adac0},
{0x3b5c00,0xe5d7d},
{0x3b6f78,0x2d9a4c},
{0x3bde70,0xfca66},
{0x3b1fd8,0x20fbe8},
{0x3b2c28,0x252a80},
{0x3b04e8,0x1f8f38},
{0x3b3470,0x26081c},
{0x3b42f0,0x271c08},
{0x3b4ad8,0x273dd8},
{0x3bf108,0x3b6d28},
{0x3b35f0,0x260e24},
{0x3ab208,0x1b2d10},
{0x3ab320,0x1b3ba0},
{0x3ac0f0,0x3ac140},
{0x3adee8,0xdee5a},
{0x3b4418,0x272984},
{0x3b23f8,0x2354d4},
{0x3bf050,0xe598f},
{0x3be4d8,0x3c96f8},
{0x3ad3d8,0x1d299c},
{0x3b1588,0x2082e8},
{0x3b7a60,0x2e0f48},
{0x3be660,0x3ab680},
{0x3ae390,0x3ae470},
{0x3b0860,0x1fbe18},
{0x3b1010,0x3b1060},
{0x3b4b18,0x3b4b48},
{0x3b01c8,0x1f563c},
{0x3ab948,0xdb652},
{0x3be6b0,0xdb652},
{0x3bea18,0x1f6e10},
{0x3bf160,0x3b7b40},
{0x3ac7a8,0xdcd7e},
{0x3bf080,0x3b5b18},
{0x3bea28,0x3b0490},
{0x3bebc0,0x3b1560},
{0x3bf228,0x3bdda0},
{0x3ab788,0x1bc320},
{0x3b2878,0x240828},
{0x3bddd0,0x3bdeb8},
{0x3bee30,0x3b4a20},
{0x3b6320,0x2cc9e0},
{0x3acdb0,0x3ace88},
{0x3be8e0,0x3ad3c8},
{0x3b1548,0x3b1550},
{0x3b5e50,0x2c45b4},
{0x3acb40,0x1cd794},
{0x3beb68,0x3b11f8},
{0x3beb08,0x3b1008},
{0x3b3910,0xe42dc},
{0x3bedc8,0xe42dc},
{0x3ae3a0,0x1e10b4},
{0x3beb28,0x3b1208},
{0x3b6bb0,0x2d25dc},
{0x3be5d0,0xda4b0},
{0x3b1648,0xe2998},
{0x3b2120,0xe36fd},
{0x3b26e0,0x23d774},
{0x3b5ad8,0x2bef34},
{0x3b6de0,0x2d5a78},
{0x3bdd38,0x2d5a78},
{0x3b1558,0xe2965},
{0x3b2048,0x3b2098},
{0x3b7bf8,0x2e9b20},
{0x3b1738,0xe2a5b},
{0x3b3290,0x24e434},
{0x3b7b70,0x2e6bf4},
{0x3bf1b8,0x3bdbe0},
{0x3aa2d0,0x3aa3a8},
{0x3aa3c8,0x3aa3a8},
{0x3ac7c0,0x3ac898},
{0x3beb10,0x3b1088},
{0x3abe98,0xdbe18},
{0x3be4a0,0x15e184},
{0x3b27d0,0x23ffb4},
{0x3acbb0,0x3acc00},
{0x3bea38,0x3b0540},
{0x3b3e50,0x26d270},
{0x3b2650,0x23c5d4},
{0x3bdea0,0x38c28c},
{0x3b0578,0xe12f5},
{0x3b1c68,0x20d820},
{0x3b0c98,0xe1cf1},
{0x3b1ec8,0x3b1f18},
{0x3b0b50,0x1fe1b4},
{0x3b23e0,0x2176f0},
{0x3b29a0,0x3b2ae0},
{0x3b2fd0,0x3b2ae0},
{0x3b3c00,0x3b2ae0},
{0x3b5e48,0x2c3f9c},
{0x3aa6c0,0xd9ecd},
{0x3aca08,0xdce12},
{0x3becf0,0x3b27b0},
{0x3b0c48,0x1fe5e0},
{0x3b5b28,0x2bf6b8},
{0x3b4b78,0x275fdc},
{0x3b7668,0x2dd5f4},
{0x3ace78,0x1cf568},
{0x3ab388,0x1b3e1c},
{0x3ab4b8,0x3ab508},
{0x3acd38,0xdd559},
{0x3b0298,0xe0ff9},
{0x3b2790,0x3b2830},
{0x3b7ae0,0x2df6e4},
{0x3aca30,0x3aca80},
{0x3beb78,0x3b1278},
{0x3b2b30,0x251d64},
{0x3b2de0,0xe3ecf},
{0x3ad760,0x1d6178},
{0x3adcf0,0x1d98f8},
{0x3adae0,0x3adb30},
{0x3aa2e8,0x1566f4},
{0x3b3400,0x25d570},
{0x3bdc88,0x3bdd88},
{0x3b1d20,0x20de00},
{0x3bec18,0x3b1d48},
{0x3b33c8,0xe40da},
{0x3be5a0,0x175504},
{0x3b3018,0x3b3020},
{0x3b4400,0x3b3020},
{0x3b4448,0x3b3020},
{0x3be490,0x15df10},
{0x3b2d10,0x3b2d40},
{0x3befd0,0x3c7b0c},
{0x3b04d8,0x3b0528},
{0x3bed00,0x2495d8},
{0x3b2e00,0x3b2fc0},
{0x3b7910,0x2deeb0},
{0x3be968,0x3adbc8},
{0x3b6f58,0x2da9f8},
{0x3ab4c0,0x1badfc},
{0x3ab5f8,0x1bb4f0},
{0x3b7b78,0x2e6ac8},
{0x3b4b98,0x3b4bc8},
{0x3b5f20,0xe5dc8},
{0x3b6e58,0x2d6e2c},
{0x3bed08,0x2417c0},
{0x3b3618,0x261154},
{0x3b4420,0x27298c},
{0x3b2628,0x23a624},
{0x3b4fa0,0x296c98},
{0x3bf028,0x296c98},
{0x3abae0,0x1be314},
{0x3b2340,0x1be314},
{0x3b2bc8,0x1be314},
{0x3b2ce8,0x1be314},
{0x3b3210,0x1be314},
{0x3b3350,0x1be314},
{0x3b3688,0x1be314},
{0x3b37a8,0x1be314},
{0x3b3f08,0x1be314},
{0x3b4cb0,0x1be314},
{0x3b5a88,0x1be314},
{0x3b5be8,0x1be314},
{0x3b6000,0x1be314},
{0x3b60f0,0x1be314},
{0x3b61f0,0x1be314},
{0x3b62e8,0x1be314},
{0x3b63e0,0x1be314},
{0x3b68c8,0x1be314},
{0x3b69c0,0x1be314},
{0x3b6cf8,0x1be314},
{0x3b6f18,0x1be314},
{0x3b7010,0x1be314},
{0x3ac8d8,0x1cd064},
{0x3ad030,0x1d1198},
{0x3b2b00,0x3b2be8},
{0x3bf0c0,0x3b6310},
{0x3be758,0x3ac768},
{0x3bedd8,0x3b3a28},
{0x3b7810,0x2deda8},
{0x3be700,0x1c164c},
{0x3ae890,0x3ae968},
{0x3bdd90,0xfc87c},
{0x3add38,0xdeb1f},
{0x3becb8,0x3c9d08},
{0x3b11e8,0xe2471},
{0x3b6e28,0x2d5790},
{0x3b2560,0xe3b30},
{0x3ad3d0,0x3ad4b0},
{0x3ad740,0x3ad4b0},
{0x3ae100,0x3ad4b0},
{0x3ae480,0x3ad4b0},
{0x3b0958,0x1fdb08},
{0x3b3410,0x2607c4},
{0x3b3f18,0x26d294},
{0x3ab4a0,0xdb057},
{0x3acd20,0xdd525},
{0x3be838,0xdd525},
{0x3bed10,0x3b2908},
{0x3bf1a8,0xfc537},
{0x3aa2f0,0x1567a0},
{0x3aa368,0x1567a0},
{0x3bf0e0,0x3b69e8},
{0x3b29a8,0x25171c},
{0x3be9b0,0x3ae008},
{0x3b1578,0x2082c4},
{0x3b2350,0x2117ec},
{0x3b2748,0x240824},
{0x3b7a80,0x2e0690},
{0x3ab290,0x277a74},
{0x3ab480,0x277a74},
{0x3abad8,0x277a74},
{0x3abbd0,0x277a74},
{0x3ac3f0,0x277a74},
{0x3ac738,0x277a74},
{0x3ac880,0x277a74},
{0x3ac978,0x277a74},
{0x3ace70,0x277a74},
{0x3acf68,0x277a74},
{0x3ad490,0x277a74},
{0x3ad710,0x277a74},
{0x3ad9b0,0x277a74},
{0x3adaa8,0x277a74},
{0x3ae0d0,0x277a74},
{0x3ae450,0x277a74},
{0x3ae950,0x277a74},
{0x3b0278,0x277a74},
{0x3b03f0,0x277a74},
{0x3b07c8,0x277a74},
{0x3b0910,0x277a74},
{0x3b0a08,0x277a74},
{0x3b0ee0,0x277a74},
{0x3b0fd8,0x277a74},
{0x3b1480,0x277a74},
{0x3b1628,0x277a74},
{0x3b1a50,0x277a74},
{0x3b1d18,0x277a74},
{0x3b1e10,0x277a74},
{0x3b2338,0x277a74},
{0x3b2498,0x277a74},
{0x3b26d8,0x277a74},
{0x3b2a60,0x277a74},
{0x3b2ce0,0x277a74},
{0x3b2ec0,0x277a74},
{0x3b3208,0x277a74},
{0x3b3348,0x277a74},
{0x3b34a0,0x277a74},
{0x3b37a0,0x277a74},
{0x3b3af0,0x277a74},
{0x3b3de0,0x277a74},
{0x3b3f00,0x277a74},
{0x3b4390,0x277a74},
{0x3b4ca8,0x277a74},
{0x3b5a80,0x277a74},
{0x3b5be0,0x277a74},
{0x3b5cd8,0x277a74},
{0x3b5dd0,0x277a74},
{0x3b5ed8,0x277a74},
{0x3b5ff8,0x277a74},
{0x3b62e0,0x277a74},
{0x3b67c8,0x277a74},
{0x3b69b8,0x277a74},
{0x3b6ab0,0x277a74},
{0x3b6bf8,0x277a74},
{0x3b6f10,0x277a74},
{0x3b7008,0x277a74},
{0x3b7720,0x277a74},
{0x3b78c8,0x277a74},
{0x3b7b10,0x277a74},
{0x3adbb8,0xde77a},
{0x3bf208,0x3cf658},
{0x3acd70,0x1ce754},
{0x3be978,0x3adc48},
{0x3b6e50,0x3b6f28},
{0x3be9e8,0x3b01b0},
{0x3bea40,0x3b0700},
{0x3b6ad0,0xe6120},
{0x3abc08,0x3abc38},
{0x3b0a98,0xe16e3},
{0x3ad8b0,0x1d68f0},
{0x3b2168,0xe37e8},
{0x3bf038,0x3c9fb0},
{0x3bdae0,0xfc4b4},
{0x3be638,0x3ab3b8},
{0x3bea80,0x3b0a38},
{0x3bedf0,0x3b3f78},
{0x3b2630,0x23adcc},
{0x3b6010,0x2c5644},
{0x3be600,0xdaf69},
{0x3bea98,0x3b0bb8},
{0x3b2050,0x20ff34},
{0x3b0480,0xe1096},
{0x3adb38,0xde645},
{0x3b6dc8,0x2d5a58},
{0x3bdd20,0x2d5a58},
{0x3ab528,0xdb108},
{0x3be5a8,0x3c9870},
{0x3ad220,0x3ad270},
{0x3be8f8,0x3ad898},
{0x3b0e40,0x1ffc7c},
{0x3b2288,0x211580},
{0x3b35a8,0xe40f0},
{0x3bf1c0,0x3cf5b0},
{0x3b01c0,0x1f54f4},
{0x3bef88,0x3c7af8},
{0x3b6e38,0xe6219},
{0x3b1d58,0x20f45c},
{0x3b59d0,0x2bee8c},
{0x3ad178,0xddab0},
{0x3bea50,0x3b0dc8},
{0x3bf1e0,0xfc781},
{0x3b0dd8,0x1ff444},
{0x3beb00,0x3b0f10},
{0x3b1c40,0xe306c},
{0x3b76b8,0x2dd540},
{0x3be8d8,0x3ad288},
{0x3ae020,0x1dccd8},
{0x3bee20,0x3b49d0},
{0x3acac0,0x1cd6d0},
{0x3be988,0x3adcc8},
{0x3ad788,0xde377},
{0x3b63d8,0x2cc3d4},
{0x3befe8,0x3c7b08},
{0x3b3118,0x3b3120},
{0x3b3880,0x3b3120},
{0x3b3a10,0x3b3120},
{0x3b3cf0,0x3b3120},
{0x3b4030,0x3b3120},
{0x3b4130,0x3b3120},
{0x3b41b0,0x3b3120},
{0x3b4230,0x3b3120},
{0x3b42b0,0x3b3120},
{0x3b44b8,0x3b3120},
{0x3b4638,0x3b3120},
{0x3b46b8,0x3b3120},
{0x3b6470,0x3b3120},
{0x3b6570,0x3b3120},
{0x3b7bb0,0xe6ba0},
{0x3ae398,0x1e10b0},
{0x3b0b98,0xe19e9},
{0x3b6d08,0x2d33a0},
{0x3ab690,0x1bb58c},
{0x3ab728,0x3ab758},
{0x3ac1a0,0xdc764},
{0x3be498,0x15e024},
{0x3bea00,0x1f6c24},
{0x3b2a80,0x24e56c},
{0x3b3148,0x3b3268},
{0x3b33d0,0x3b3268},
{0x3b4a10,0xe52d0},
{0x3be3e0,0x3aa2c8},
{0x3ac778,0x1cacc8},
{0x3bf210,0x3cf680},
{0x3be9f8,0x3b0420},
{0x3b27c8,0x240784},
{0x3b2ac8,0x25061c},
{0x3b2f28,0x25061c},
{0x3b3b58,0x25061c},
{0x3be650,0x3ab5e0},
{0x3b6660,0x2cce14},
{0x3b43f8,0xe4bc3},
{0x3be528,0x3c9710},
{0x3be648,0x3ab590},
{0x3ad948,0x1d7440},
{0x3aded8,0x3adee0},
{0x3b0340,0x1f7780},
{0x3b3830,0x263214},
{0x3b2fe0,0x3b3008},
{0x3bdd68,0x377a70},
{0x3ab598,0x3ab5c8},
{0x3b3270,0xe40ca},
{0x3b7a68,0x2dfac4},
{0x3bddb0,0x38c28c},
{0x3bddd8,0x38c28c},
{0x3b2640,0x23b450},
{0x3b2910,0x3b2938},
{0x3b37d8,0x2631a8},
{0x3b43a0,0x2728bc},
{0x3b5d10,0x3b5de8},
{0x3be610,0x3ab1c8},
{0x3ad9d0,0xde57c},
{0x3b0bc8,0x1fe250},
{0x3b2af0,0x3b33c0},
{0x3b3288,0x3b33c0},
{0x3b35b0,0x3b33c0},
{0x3b6350,0x2cb70c},
{0x3ab828,0x3ab830},
{0x3b3098,0x3ab830},
{0x3b3990,0x3ab830},
{0x3b3c70,0x3ab830},
{0x3b7440,0x3ab830},
{0x3b0810,0x1fb5c0},
{0x3b4b70,0x275ee0},
{0x3ade60,0x3adeb0},
{0x3b04b8,0x3b04c0},
{0x3be998,0x3add48},
{0x3bebc8,0x3b16d8},
{0x3b6640,0x2cdd10},
{0x3ac9b0,0x3aca00},
{0x3adc70,0x1d9560},
{0x3b1300,0xe2768},
{0x3beb80,0xe2768},
{0x3bed28,0x384e58},
{0x3b3698,0x261180},
{0x3b5ab8,0xe5d1e},
{0x3b6100,0x2c5fac},
{0x3b2798,0x2405b8},
{0x3b3890,0xe4211},
{0x3bedb8,0xe4211},
{0x3be680,0x3b59b8},
{0x3b1220,0x20240c},
{0x3b5df0,0xe5da8},
{0x3b6348,0x2cb784},
{0x3be5d8,0xda3aa},
{0x3b5a98,0x3c7b20},
{0x3bde10,0x377c84},
{0x3bf098,0x3b5d08},
{0x3b2850,0xe3bad},
{0x3bed48,0x3b3280},
{0x3be858,0x3acf98},
{0x3b0ff8,0xe205a},
{0x3b4ab0,0xe54b4},
{0x3b6710,0x1c9e1c},
{0x3b4ac8,0x3b4af8},
{0x3aa390,0x159384},
{0x3ad120,0x3ad170},
{0x3b1c78,0x20d844},
{0x3be928,0x3adad8},
{0x3acdb8,0x1cee18},
{0x3b1c10,0x20d00c},
{0x3b5e30,0x2c4ca8},
{0x3af310,0xe0197},
{0x3b34f8,0x25fd98},
{0x3b2368,0x211734},
{0x3b2620,0x23a448},
{0x3b1cb0,0x20db04},
{0x3b5e38,0x2c3b78},
{0x3b2710,0x3b2818},
{0x3b4fc0,0x3b4ff0},
{0x3b4a60,0xe53bf},
{0x3beff8,0x3c9f80},
{0x3bf040,0x3c9fc8},
{0x3be6a8,0x3ab530},
{0x3acfa8,0x1d0e30},
{0x3b2ee0,0x256b10},
{0x3bee50,0x3b4408},
{0x3ab418,0x1b6ca4},
{0x3b6680,0x2ce068},
{0x3b5d28,0x2c2498},
{0x3b1d70,0x20f4cc},
{0x3b3a40,0x265ba4},
{0x3b2770,0x2404c8},
{0x3aa6d8,0x3aa708},
{0x3aceb0,0x1d0bd4},
{0x3bebf8,0x3b1c00},
{0x3b1530,0x3b1538},
{0x3b4cc8,0xe5835},
{0x3abc68,0x1c2abc},
{0x3b20a0,0xe35ca},
{0x3b0388,0x1f77a4},
{0x3b6dd0,0x2d5a64},
{0x3bdd28,0x2d5a64},
{0x3b7768,0x2dd9b4},
{0x3ab1f0,0x1b2b0c},
{0x3abec8,0xdbea6},
{0x3bec38,0x3b1fc0},
{0x3be608,0x3c9958},
{0x3b4440,0xe4bd9},
{0x3b6130,0x2c8674},
{0x3b6610,0x3b66e8},
{0x3bf120,0x3b7658},
{0x3b2b10,0x25183c},
{0x3b6b40,0x2d2820},
{0x3b7a70,0x2dfe34},
{0x3b1570,0x20813c},
{0x3ab2d0,0x1b456c},
{0x3bf1e8,0x369d58},
{0x3be760,0x3acca8},
{0x3b1290,0x3b12e0},
{0x3b2138,0xe3769},
{0x3bec98,0xe3769},
{0x3aa688,0x3aa6b8},
{0x3be4c8,0x3c88f8},
{0x3b0350,0x276ba8},
{0x3b2298,0x276ba8},
{0x3b2c40,0x276ba8},
{0x3b3700,0x276ba8},
{0x3b3e60,0x276ba8},
{0x3b4c08,0x276ba8},
{0x3b59e0,0x276ba8},
{0x3b5b40,0x276ba8},
{0x3b5f58,0x276ba8},
{0x3b6048,0x276ba8},
{0x3b6240,0x276ba8},
{0x3b6338,0x276ba8},
{0x3b6630,0x276ba8},
{0x3b6728,0x276ba8},
{0x3b6820,0x276ba8},
{0x3b6918,0x276ba8},
{0x3b6c50,0x276ba8},
{0x3b6d50,0x276ba8},
{0x3b6f68,0x276ba8},
{0x3bdca8,0x276ba8},
{0x3be7d8,0x3acb28},
{0x3b3878,0xe4190},
{0x3bf100,0x3b7a48},
{0x3b77e0,0xe6817},
{0x3b1f20,0xe3231},
{0x3bed80,0x3b6020},
{0x3becc0,0x3b2610},
{0x3be718,0x3abe38},
{0x3bf048,0x3b4fb8},
{0x3ae970,0xdf892},
{0x3b1fd0,0x20fbc0},
{0x3ab488,0x1ba190},
{0x3ac350,0x1c5748},
{0x3ab1e8,0x277564},
{0x3ab2e0,0x277564},
{0x3ab3d8,0x277564},
{0x3aba30,0x277564},
{0x3abb28,0x277564},
{0x3ac348,0x277564},
{0x3ac690,0x277564},
{0x3ac7d8,0x277564},
{0x3ac8d0,0x277564},
{0x3acdc8,0x277564},
{0x3acec0,0x277564},
{0x3ad3e8,0x277564},
{0x3ad668,0x277564},
{0x3ad908,0x277564},
{0x3ada00,0x277564},
{0x3ae028,0x277564},
{0x3ae3a8,0x277564},
{0x3ae8a8,0x277564},
{0x3b01d0,0x277564},
{0x3b0348,0x277564},
{0x3b0720,0x277564},
{0x3b0868,0x277564},
{0x3b0960,0x277564},
{0x3b0e38,0x277564},
{0x3b0f30,0x277564},
{0x3b13d8,0x277564},
{0x3b1580,0x277564},
{0x3b19a8,0x277564},
{0x3b1c70,0x277564},
{0x3b1d68,0x277564},
{0x3b2290,0x277564},
{0x3b29b8,0x277564},
{0x3b2b18,0x277564},
{0x3b2c38,0x277564},
{0x3b2e18,0x277564},
{0x3b3160,0x277564},
{0x3b32a0,0x277564},
{0x3b33f8,0x277564},
{0x3b35d8,0x277564},
{0x3b36f8,0x277564},
{0x3b3a48,0x277564},
{0x3b3d38,0x277564},
{0x3b3e58,0x277564},
{0x3b42e8,0x277564},
{0x3b4c00,0x277564},
{0x3b59d8,0x277564},
{0x3b5b38,0x277564},
{0x3b5c30,0x277564},
{0x3b5f50,0x277564},
{0x3b6040,0x277564},
{0x3b6140,0x277564},
{0x3b6238,0x277564},
{0x3b6330,0x277564},
{0x3b6628,0x277564},
{0x3b6720,0x277564},
{0x3b6818,0x277564},
{0x3b6910,0x277564},
{0x3b6a08,0x277564},
{0x3b6b50,0x277564},
{0x3b6c48,0x277564},
{0x3b6d48,0x277564},
{0x3b6e68,0x277564},
{0x3b6f60,0x277564},
{0x3b7678,0x277564},
{0x3b7820,0x277564},
{0x3bdca0,0x277564},
{0x3be6f8,0x3ac0e8},
{0x3b1630,0x2083f8},
{0x3be6e8,0x3abde8},
{0x3bf180,0x3b7be0},
{0x3b3128,0xe4074},
{0x3ab258,0x1b3394},
{0x3ab350,0x1b3394},
{0x3abaa0,0x1b3394},
{0x3abb98,0x1b3394},
{0x3ac3b8,0x1b3394},
{0x3ac700,0x1b3394},
{0x3ac848,0x1b3394},
{0x3ac940,0x1b3394},
{0x3ace38,0x1b3394},
{0x3acf30,0x1b3394},
{0x3ad458,0x1b3394},
{0x3ad6d8,0x1b3394},
{0x3ad978,0x1b3394},
{0x3ada70,0x1b3394},
{0x3ae098,0x1b3394},
{0x3ae418,0x1b3394},
{0x3ae918,0x1b3394},
{0x3b0240,0x1b3394},
{0x3b03b8,0x1b3394},
{0x3b0790,0x1b3394},
{0x3b08d8,0x1b3394},
{0x3b09d0,0x1b3394},
{0x3b0ea8,0x1b3394},
{0x3b0fa0,0x1b3394},
{0x3b1448,0x1b3394},
{0x3b15f0,0x1b3394},
{0x3b1a18,0x1b3394},
{0x3b1ce0,0x1b3394},
{0x3b1dd8,0x1b3394},
{0x3b2300,0x1b3394},
{0x3b2460,0x1b3394},
{0x3b26a0,0x1b3394},
{0x3b2a28,0x1b3394},
{0x3b2b88,0x1b3394},
{0x3b2ca8,0x1b3394},
{0x3b2e88,0x1b3394},
{0x3b31d0,0x1b3394},
{0x3b3310,0x1b3394},
{0x3b3468,0x1b3394},
{0x3b3648,0x1b3394},
{0x3b3768,0x1b3394},
{0x3b3ab8,0x1b3394},
{0x3b3da8,0x1b3394},
{0x3b3ec8,0x1b3394},
{0x3b4358,0x1b3394},
{0x3b4c70,0x1b3394},
{0x3b5a48,0x1b3394},
{0x3b5ba8,0x1b3394},
{0x3b5fc0,0x1b3394},
{0x3b60b0,0x1b3394},
{0x3b61b0,0x1b3394},
{0x3b62a8,0x1b3394},
{0x3b63a0,0x1b3394},
{0x3b6698,0x1b3394},
{0x3b6790,0x1b3394},
{0x3b6888,0x1b3394},
{0x3b6980,0x1b3394},
{0x3b6a78,0x1b3394},
{0x3b6bc0,0x1b3394},
{0x3b6cb8,0x1b3394},
{0x3b6db8,0x1b3394},
{0x3b6ed8,0x1b3394},
{0x3b6fd0,0x1b3394},
{0x3b76e8,0x1b3394},
{0x3b7890,0x1b3394},
{0x3bdd10,0x1b3394},
{0x3be690,0x3ab8d0},
{0x3be4f0,0x3c9100},
{0x3ae010,0x3ae0f0},
{0x3b1068,0xe2092},
{0x3b6e20,0x2d5a8c},
{0x3ab6e8,0x1bb5f8},
{0x3ac170,0xdc6b4},
{0x3be730,0xdc6b4},
{0x3ac8b8,0x3ac990},
{0x3b6838,0x2d07dc},
{0x3b0330,0x3b0408},
{0x3b1c08,0x3b1c38},
{0x3b38b0,0x26332c},
{0x3b6800,0x3b68d8},
{0x3b7a58,0x2e0e68},
{0x3abc58,0x3abca8},
{0x3b0858,0x1fbcb0},
{0x3b1c58,0x3b1d30},
{0x3b2280,0x21152c},
{0x3ae960,0x1eba40},
{0x3b2aa8,0x250684},
{0x3b2f08,0x250684},
{0x3b3b38,0x250684},
{0x3ab238,0x2774f8},
{0x3ab330,0x2774f8},
{0x3ab428,0x2774f8},
{0x3aba80,0x2774f8},
{0x3abb78,0x2774f8},
{0x3ac398,0x2774f8},
{0x3ac6e0,0x2774f8},
{0x3ac828,0x2774f8},
{0x3ac920,0x2774f8},
{0x3ace18,0x2774f8},
{0x3acf10,0x2774f8},
{0x3ad438,0x2774f8},
{0x3ad6b8,0x2774f8},
{0x3ad958,0x2774f8},
{0x3ada50,0x2774f8},
{0x3ae078,0x2774f8},
{0x3ae3f8,0x2774f8},
{0x3ae8f8,0x2774f8},
{0x3b0220,0x2774f8},
{0x3b0398,0x2774f8},
{0x3b0770,0x2774f8},
{0x3b08b8,0x2774f8},
{0x3b09b0,0x2774f8},
{0x3b0e88,0x2774f8},
{0x3b0f80,0x2774f8},
{0x3b1428,0x2774f8},
{0x3b15d0,0x2774f8},
{0x3b19f8,0x2774f8},
{0x3b1cc0,0x2774f8},
{0x3b1db8,0x2774f8},
{0x3b22e0,0x2774f8},
{0x3b2440,0x2774f8},
{0x3b2680,0x2774f8},
{0x3b2a08,0x2774f8},
{0x3b2b68,0x2774f8},
{0x3b2c88,0x2774f8},
{0x3b2e68,0x2774f8},
{0x3b31b0,0x2774f8},
{0x3b32f0,0x2774f8},
{0x3b3448,0x2774f8},
{0x3b3628,0x2774f8},
{0x3b3748,0x2774f8},
{0x3b3a98,0x2774f8},
{0x3b3d88,0x2774f8},
{0x3b3ea8,0x2774f8},
{0x3b4338,0x2774f8},
{0x3b4c50,0x2774f8},
{0x3b5a28,0x2774f8},
{0x3b5b88,0x2774f8},
{0x3b5c80,0x2774f8},
{0x3b5d78,0x2774f8},
{0x3b5e80,0x2774f8},
{0x3b5fa0,0x2774f8},
{0x3b6190,0x2774f8},
{0x3b6288,0x2774f8},
{0x3b6380,0x2774f8},
{0x3b6678,0x2774f8},
{0x3b6770,0x2774f8},
{0x3b6868,0x2774f8},
{0x3b6960,0x2774f8},
{0x3b6a58,0x2774f8},
{0x3b6ba0,0x2774f8},
{0x3b6d98,0x2774f8},
{0x3b6eb8,0x2774f8},
{0x3b6fb0,0x2774f8},
{0x3b76c8,0x2774f8},
{0x3b7870,0x2774f8},
{0x3b7ab8,0x2774f8},
{0x3bdcf0,0x2774f8},
{0x3ad298,0x3ad2a0},
{0x3ab780,0x1bc30c},
{0x3b2740,0x240800},
{0x3b2870,0x240800},
{0x3b3478,0x2607f8},
{0x3b7660,0x3b7738},
{0x3b6318,0x3b63f0},
{0x3bdbc0,0x35c36c},
{0x3be688,0x1b7578},
{0x3b3a30,0x3b3bf0},
{0x3be740,0x3ac328},
{0x3aca40,0x1cd5cc},
{0x3ae478,0xdf359},
{0x3ae018,0x1dccd4},
{0x3ae8e8,0x1eb85c},
{0x3acb38,0x1cd76c},
{0x3bf0e8,0x3b6ae0},
{0x3b77b0,0xe6766},
{0x3ab670,0xdb275},
{0x3b2bf0,0xe3d7f},
{0x3b4f98,0x3aa4e8},
{0x3be538,0x3aa4e8},
{0x3c7ae0,0x3aa4e8},
{0x3c7b10,0x3aa4e8},
{0x3b5c70,0x2bff7c},
{0x3aca20,0xdcebd},
{0x3be7e8,0xdcebd},
{0x3acaa0,0xdcfef},
{0x3be7f8,0xdcfef},
{0x3bf0a8,0x3b5f30},
{0x3abe40,0x3abe90},
{0x3b6c68,0x2d2dc4},
{0x3be7a0,0x1c9994},
{0x3bdc20,0xfc633},
{0x3b5d68,0x2c1a88},
{0x3be878,0x3ad198},
{0x3b0288,0x1f5840},
{0x3b2760,0x3b27d8},
{0x3b2948,0x3b27d8},
{0x3b2990,0x3b27d8},
{0x3bde40,0x38c298},
{0x3ac3f8,0x1c58b4},
{0x3bdbe8,0x3bdc18},
{0x3aa438,0x3aa440},
{0x3aa4c8,0x3aa440},
{0x3aa568,0x3aa440},
{0x3aa5e8,0x3aa440},
{0x3aa668,0x3aa440},
{0x3ab8b8,0x3aa440},
{0x3ab938,0x3aa440},
{0x3abd50,0x3aa440},
{0x3abea0,0x3aa440},
{0x3abf50,0x3aa440},
{0x3abfd0,0x3aa440},
{0x3ac050,0x3aa440},
{0x3ac0c0,0x3aa440},
{0x3ac210,0x3aa440},
{0x3ac290,0x3aa440},
{0x3ac310,0x3aa440},
{0x3ac4d8,0x3aa440},
{0x3ac558,0x3aa440},
{0x3ac658,0x3aa440},
{0x3aca10,0x3aa440},
{0x3aca90,0x3aa440},
{0x3acb10,0x3aa440},
{0x3acb90,0x3aa440},
{0x3acc10,0x3aa440},
{0x3acd10,0x3aa440},
{0x3ad000,0x3aa440},
{0x3ad080,0x3aa440},
{0x3ad100,0x3aa440},
{0x3ad180,0x3aa440},
{0x3ad200,0x3aa440},
{0x3ad280,0x3aa440},
{0x3ad330,0x3aa440},
{0x3ad3b0,0x3aa440},
{0x3ad530,0x3aa440},
{0x3ad5b0,0x3aa440},
{0x3ad800,0x3aa440},
{0x3ad880,0x3aa440},
{0x3adb40,0x3aa440},
{0x3adbc0,0x3aa440},
{0x3adc40,0x3aa440},
{0x3adcc0,0x3aa440},
{0x3add40,0x3aa440},
{0x3addc0,0x3aa440},
{0x3ade30,0x3aa440},
{0x3adec0,0x3aa440},
{0x3adf70,0x3aa440},
{0x3adfe0,0x3aa440},
{0x3ae170,0x3aa440},
{0x3ae1f0,0x3aa440},
{0x3ae270,0x3aa440},
{0x3ae2f0,0x3aa440},
{0x3ae370,0x3aa440},
{0x3ae4f0,0x3aa440},
{0x3ae570,0x3aa440},
{0x3ae5f0,0x3aa440},
{0x3ae670,0x3aa440},
{0x3ae6f0,0x3aa440},
{0x3ae770,0x3aa440},
{0x3ae7f0,0x3aa440},
{0x3ae870,0x3aa440},
{0x3ae9e8,0x3aa440},
{0x3aea68,0x3aa440},
{0x3aeae8,0x3aa440},
{0x3aeb68,0x3aa440},
{0x3aebe8,0x3aa440},
{0x3aec68,0x3aa440},
{0x3aece8,0x3aa440},
{0x3aed68,0x3aa440},
{0x3aede8,0x3aa440},
{0x3aee68,0x3aa440},
{0x3aeee8,0x3aa440},
{0x3aef68,0x3aa440},
{0x3aefe8,0x3aa440},
{0x3af068,0x3aa440},
{0x3af0e8,0x3aa440},
{0x3af168,0x3aa440},
{0x3af1e8,0x3aa440},
{0x3af258,0x3aa440},
{0x3af2e8,0x3aa440},
{0x3af398,0x3aa440},
{0x3af418,0x3aa440},
{0x3af498,0x3aa440},
{0x3af518,0x3aa440},
{0x3af598,0x3aa440},
{0x3af618,0x3aa440},
{0x3af698,0x3aa440},
{0x3af718,0x3aa440},
{0x3af798,0x3aa440},
{0x3af818,0x3aa440},
{0x3af898,0x3aa440},
{0x3af918,0x3aa440},
{0x3af998,0x3aa440},
{0x3afa18,0x3aa440},
{0x3afa98,0x3aa440},
{0x3afb18,0x3aa440},
{0x3afb98,0x3aa440},
{0x3afc18,0x3aa440},
{0x3afc98,0x3aa440},
{0x3afd18,0x3aa440},
{0x3afd98,0x3aa440},
{0x3afe18,0x3aa440},
{0x3afe98,0x3aa440},
{0x3aff18,0x3aa440},
{0x3aff98,0x3aa440},
{0x3b0018,0x3aa440},
{0x3b0098,0x3aa440},
{0x3b0118,0x3aa440},
{0x3b0198,0x3aa440},
{0x3b0310,0x3aa440},
{0x3b0538,0x3aa440},
{0x3b05e8,0x3aa440},
{0x3b0668,0x3aa440},
{0x3b06e8,0x3aa440},
{0x3b0aa0,0x3aa440},
{0x3b0b20,0x3aa440},
{0x3b0ba0,0x3aa440},
{0x3b0c20,0x3aa440},
{0x3b0ca0,0x3aa440},
{0x3b1070,0x3aa440},
{0x3b10f0,0x3aa440},
{0x3b1170,0x3aa440},
{0x3b11f0,0x3aa440},
{0x3b1270,0x3aa440},
{0x3b12f0,0x3aa440},
{0x3b13a0,0x3aa440},
{0x3b1518,0x3aa440},
{0x3b16c0,0x3aa440},
{0x3b1740,0x3aa440},
{0x3b17f0,0x3aa440},
{0x3b1860,0x3aa440},
{0x3b18f0,0x3aa440},
{0x3b1ae8,0x3aa440},
{0x3b1b68,0x3aa440},
{0x3b1be8,0x3aa440},
{0x3b1ea8,0x3aa440},
{0x3b1f28,0x3aa440},
{0x3b1fa8,0x3aa440},
{0x3b2028,0x3aa440},
{0x3b20a8,0x3aa440},
{0x3b2128,0x3aa440},
{0x3b21d8,0x3aa440},
{0x3b2258,0x3aa440},
{0x3b28f0,0x3aa440},
{0x3b3900,0x3aa440},
{0x3b40b0,0x3aa440},
{0x3b4538,0x3aa440},
{0x3b45b8,0x3aa440},
{0x3b4738,0x3aa440},
{0x3b47a8,0x3aa440},
{0x3b4838,0x3aa440},
{0x3b48a8,0x3aa440},
{0x3b4938,0x3aa440},
{0x3b49a8,0x3aa440},
{0x3b64f0,0x3aa440},
{0x3b65f0,0x3aa440},
{0x3b74c0,0x3aa440},
{0x3b7540,0x3aa440},
{0x3b75b0,0x3aa440},
{0x3b7630,0x3aa440},
{0x3b77b8,0x3aa440},
{0x3b79b0,0x3aa440},
{0x3b7a30,0x3aa440},
{0x3b0498,0xe112e},
{0x3bea20,0xe112e},
{0x3b1308,0x3b1310},
{0x3b0338,0x1f7578},
{0x3b0d30,0xe1ee6},
{0x3bee48,0x3b43c0},
{0x3ab518,0x3ab520},
{0x3abcb8,0x3ab520},
{0x3acc90,0x3ab520},
{0x3b73c0,0x3ab520},
{0x3b2a30,0x251674},
{0x3b5ea0,0x2c3b6c},
{0x3bf148,0x3b7800},
{0x3b3e48,0x26d168},
{0x3b63f8,0xe5e34},
{0x3ab688,0x3ab6b8},
{0x3bebb8,0x3b1520},
{0x3b3bf8,0xe447a},
{0x3b1c60,0x20d6e4},
{0x3b2380,0x2115a4},
{0x3befe0,0x3c7b04},
{0x3aa3b0,0xd9b09},
{0x3be860,0x3ad018},
{0x3ab300,0x1b3c28},
{0x3bf118,0x3b6f40},
{0x3b1eb8,0xe31ab},
{0x3bec48,0xe31ab},
{0x3b1f38,0xe32dd},
{0x3bec58,0xe32dd},
{0x3ac998,0xdcde6},
{0x3adac8,0xde5d7},
{0x3b27b8,0x3b2848},
{0x3b6fa0,0x2d97d8},
{0x3ab2f8,0x276e64},
{0x3abb40,0x276e64},
{0x3ac6a8,0x276e64},
{0x3ac7f0,0x276e64},
{0x3ac8e8,0x276e64},
{0x3acde0,0x276e64},
{0x3aced8,0x276e64},
{0x3ad400,0x276e64},
{0x3ad680,0x276e64},
{0x3ad920,0x276e64},
{0x3ada18,0x276e64},
{0x3ae040,0x276e64},
{0x3ae3c0,0x276e64},
{0x3ae8c0,0x276e64},
{0x3b01e8,0x276e64},
{0x3b0360,0x276e64},
{0x3b0738,0x276e64},
{0x3b0880,0x276e64},
{0x3b0978,0x276e64},
{0x3b0e50,0x276e64},
{0x3b0f48,0x276e64},
{0x3b13f0,0x276e64},
{0x3b1598,0x276e64},
{0x3b19c0,0x276e64},
{0x3b1c88,0x276e64},
{0x3b1d80,0x276e64},
{0x3b22a8,0x276e64},
{0x3b29d0,0x276e64},
{0x3b2c50,0x276e64},
{0x3b2e30,0x276e64},
{0x3b3178,0x276e64},
{0x3b32b8,0x276e64},
{0x3b3710,0x276e64},
{0x3b3e70,0x276e64},
{0x3b4c18,0x276e64},
{0x3b59f0,0x276e64},
{0x3b5c48,0x276e64},
{0x3b5f68,0x276e64},
{0x3b6058,0x276e64},
{0x3b6250,0x276e64},
{0x3b6738,0x276e64},
{0x3b6830,0x276e64},
{0x3b6b68,0x276e64},
{0x3b6c60,0x276e64},
{0x3b7690,0x276e64},
{0x3b7838,0x276e64},
{0x3abcb0,0xdb90a},
{0x3be780,0x1c96c0},
{0x3adbf0,0x1d949c},
{0x3aa318,0x159984},
{0x3ab270,0x2782ec},
{0x3ab368,0x2782ec},
{0x3ab460,0x2782ec},
{0x3abab8,0x2782ec},
{0x3abbb0,0x2782ec},
{0x3ac3d0,0x2782ec},
{0x3ac718,0x2782ec},
{0x3ac860,0x2782ec},
{0x3ac958,0x2782ec},
{0x3ace50,0x2782ec},
{0x3acf48,0x2782ec},
{0x3ad470,0x2782ec},
{0x3ad6f0,0x2782ec},
{0x3ad990,0x2782ec},
{0x3ada88,0x2782ec},
{0x3ae0b0,0x2782ec},
{0x3ae430,0x2782ec},
{0x3ae930,0x2782ec},
{0x3b0258,0x2782ec},
{0x3b03d0,0x2782ec},
{0x3b07a8,0x2782ec},
{0x3b08f0,0x2782ec},
{0x3b09e8,0x2782ec},
{0x3b0ec0,0x2782ec},
{0x3b0fb8,0x2782ec},
{0x3b1460,0x2782ec},
{0x3b1608,0x2782ec},
{0x3b1a30,0x2782ec},
{0x3b1cf8,0x2782ec},
{0x3b1df0,0x2782ec},
{0x3b2318,0x2782ec},
{0x3b2478,0x2782ec},
{0x3b26b8,0x2782ec},
{0x3b2a40,0x2782ec},
{0x3b2ba0,0x2782ec},
{0x3b2cc0,0x2782ec},
{0x3b2ea0,0x2782ec},
{0x3b31e8,0x2782ec},
{0x3b3328,0x2782ec},
{0x3b3480,0x2782ec},
{0x3b3660,0x2782ec},
{0x3b3780,0x2782ec},
{0x3b3ad0,0x2782ec},
{0x3b3ee0,0x2782ec},
{0x3b4370,0x2782ec},
{0x3b4c88,0x2782ec},
{0x3b5a60,0x2782ec},
{0x3b5bc0,0x2782ec},
{0x3b5cb8,0x2782ec},
{0x3b5db0,0x2782ec},
{0x3b5eb8,0x2782ec},
{0x3b5fd8,0x2782ec},
{0x3b60c8,0x2782ec},
{0x3b61c8,0x2782ec},
{0x3b62c0,0x2782ec},
{0x3b63b8,0x2782ec},
{0x3b66b0,0x2782ec},
{0x3b67a8,0x2782ec},
{0x3b68a0,0x2782ec},
{0x3b6998,0x2782ec},
{0x3b6a90,0x2782ec},
{0x3b6bd8,0x2782ec},
{0x3b6cd0,0x2782ec},
{0x3b6ef0,0x2782ec},
{0x3b6fe8,0x2782ec},
{0x3b7700,0x2782ec},
{0x3b78a8,0x2782ec},
{0x3b7af0,0x2782ec},
{0x3b1528,0xe28f8},
{0x3bebb0,0xe28f8},
{0x3becf8,0x24190c},
{0x3b11a0,0x20207c},
{0x3b6810,0x2d0768},
{0x3ad758,0x1d6164},
{0x3adce8,0x1d98d0},
{0x3bedb0,0x3b37c8},
{0x3acb20,0xdd122},
{0x3be808,0xdd122},
{0x3af288,0x3af2d8},
{0x3b2618,0x3b26f0},
{0x3b5da0,0x2c2158},
{0x3be678,0x3ab770},
{0x3b35e0,0x2608fc},
{0x3b3f80,0x3b3fb0},
{0x3be510,0x3aa680},
{0x3ab778,0x3ab7a8},
{0x3bef80,0x3c9f58},
{0x3befa0,0x3c9f60},
{0x3bdb80,0xfc5c7},
{0x3b1a70,0xe2e66},
{0x3ac9c0,0x1cd2b0},
{0x3b36b8,0x3b36c0},
{0x3b36e0,0x3b36c0},
{0x3b4b50,0xe5690},
{0x3b7908,0x2dee9c},
{0x3b6f50,0x2da7d0},
{0x3ad2c0,0xdde3d},
{0x3be640,0x3ab540},
{0x3abb68,0x1c1248},
{0x3bebd8,0x206ac8},
{0x3b3680,0x25e7d8},
{0x3b7a88,0x2e0784},
{0x3ab5f0,0x1bb4dc},
{0x3adce0,0x3add30},
{0x3b2a90,0x250044},
{0x3b2ef0,0x250044},
{0x3b3b20,0x250044},
{0x3b1190,0x3b11e0},
{0x3bf018,0x3c9fe0},
{0x3ab450,0x1ba444},
{0x3b2720,0x240544},
{0x3b2800,0x3b2808},
{0x3b2828,0x3b2808},
{0x3b2840,0x3b2808},
{0x3b2858,0x3b2808},
{0x3b2868,0x3b2808},
{0x3b5b58,0x2bf614},
{0x3ab2c8,0x3ab3a0},
{0x3beb98,0x3b14b0},
{0x3b6d68,0x2d4e94},
{0x3acb08,0xdd076},
{0x3b1fb8,0xe3410},
{0x3bec68,0xe3410},
{0x3b0c40,0x3b0c90},
{0x3b3a38,0x265210},
{0x3b2408,0x231bac},
{0x3ac340,0x1c5a04},
{0x3adb60,0x3adbb0},
{0x3b2ae8,0xe3d6b},
{0x3b35d0,0x2608d8},
{0x3b5c18,0x3b5cf0},
{0x3b6d18,0xe6209},
{0x3b0950,0x1fdad4},
{0x3be6c8,0x3b6c28},
{0x3beab0,0x3b0aa8},
{0x3beac0,0x3b0b28},
{0x3bf1d0,0x3cf598},
{0x3acba0,0xdd255},
{0x3be818,0xdd255},
{0x3b7938,0xe68af},
{0x3b0ac0,0x3b0b10},
{0x3b6dd8,0x2d5a6c},
{0x3bdd30,0x2d5a6c},
{0x3b2a88,0x24ffcc},
{0x3b2ee8,0x24ffcc},
{0x3b3b18,0x24ffcc},
{0x3b6908,0x2d1014},
{0x3ab1d0,0x3ab2a8},
{0x3ae8a0,0x1ebee8},
{0x3bded8,0xfcaae},
{0x3be710,0x3abcc0},
{0x3acd68,0x1ce740},
{0x3b0f18,0x3b0ff0},
{0x3b1320,0x3b1328},
{0x3aa798,0x175fe8},
{0x3b26f8,0xe3b44},
{0x3ab950,0x3ab958},
{0x3ad900,0x1d7110},
{0x3b1020,0x201b94},
{0x3b2ab8,0x250638},
{0x3b42d0,0x3b43a8},
{0x3b6a20,0x2d15bc},
{0x3b1a58,0x20cdb0},
{0x3ab348,0x1b3934},
{0x3b2fe8,0x2585c8},
{0x3bf058,0x3cf548},
{0x3ab9e8,0x3ab9f0},
{0x3abdc0,0x3ab9f0},
{0x3ad620,0x3ab9f0},
{0x3b1960,0x3ab9f0},
{0x3acdd0,0x1cef78},
{0x3ad8a8,0x1d68dc},
{0x3b6c00,0x2d2754},
{0x3abb30,0x1c207c},
{0x3b1510,0xe2895},
{0x3b2a78,0x24fc30},
{0x3b2ed8,0x24fc30},
{0x3b3b08,0x24fc30},
{0x3be480,0x15dc80},
{0x3b6708,0x3b67e0},
{0x3b0a40,0x3b0a90},
{0x3b5b20,0x3b5bf8},
{0x3aa3a0,0x15937c},
{0x3bdda8,0x3bde68},
{0x3aa698,0x169e78},
{0x3b2038,0xe3543},
{0x3bec78,0xe3543},
{0x3abc40,0xdb8c2},
{0x3ab5d0,0xdb1e8},
{0x3be5b0,0x17a4dc},
{0x3b1768,0xe2b05},
{0x3b5c50,0x2c0104},
{0x3bf238,0x3bddf0},
{0x3aded0,0xdee1c},
{0x3be9a0,0xdee1c},
{0x3ad8d8,0xde4fd},
{0x3b67e8,0xe60e5},
{0x3b1f58,0x20fb24},
{0x3be7a8,0x3b6700},
{0x3bed40,0x3b2af8},
{0x3b38a0,0x3b38f0},
{0x3b3d40,0x2696a8},
{0x3b3d50,0x26a014},
{0x3adb50,0xde6f2},
{0x3be950,0xde6f2},
{0x3bead0,0x3b0ba8},
{0x3b3dc0,0x26cfa8},
{0x3ab2b0,0xdb031},
{0x3acc20,0xdd388},
{0x3be828,0xdd388},
{0x3ad8a0,0x3ad8d0},
{0x3b7b68,0x3b7bb8},
{0x3b59c8,0x1b6ac4},
{0x3bdab8,0x35bc14},
{0x3acd98,0xdd5c8},
{0x3b3158,0x259444},
{0x3aa448,0xd9c88},
{0x3b68e0,0xe60f5},
{0x3bdbb8,0x35c240},
{0x3b2648,0x23b644},
{0x3b2728,0x23ec18},
{0x3b34e0,0x260830},
{0x3b6148,0x2c73d4},
{0x3b0ab0,0xe17b6},
{0x3beaa8,0xe17b6},
{0x3b6290,0x2c9bb8},
{0x3beb18,0x3b1108},
{0x3b2988,0xe3d40},
{0x3abee0,0xdbedc},
{0x3bea78,0x3b0940},
{0x3b2278,0x3b2388},
{0x3b2360,0x3b2388},
{0x3b3b48,0x267808},
{0x3b77d0,0x3b77d8},
{0x3adbd0,0xde828},
{0x3be960,0xde828},
{0x3b3df0,0x26b85c},
{0x3b78d0,0x2decd8},
{0x3be598,0x3aa778},
{0x3b1f48,0x3b1f98},
{0x3b5d48,0x2c23e8},
{0x3aa320,0x1575a4},
{0x3ac410,0xdc90a},
{0x3ab710,0xdb309},
{0x3ac678,0x3ac750},
{0x3b20b8,0xe3676},
{0x3bec88,0xe3676},
{0x3bf110,0x3b6e48},
{0x3adab0,0x1d8f40},
{0x3befc0,0x3c9f70},
{0x3b27c0,0x240704},
{0x3b6da0,0x2d4e84},
{0x3bdcf8,0x2d4e84},
{0x3acea8,0x3acf80},
{0x3acab0,0x3acb00},
{0x3be670,0x3ab720},
{0x3b3e18,0x3b3e20},
{0x3b3e40,0x3b3e20},
{0x3b08a8,0x1fc130},
{0x3ab2b8,0x3b4cc0},
{0x3ab3b0,0x3b4cc0},
{0x3ab4a8,0x3b4cc0},
{0x3abb00,0x3b4cc0},
{0x3abbf8,0x3b4cc0},
{0x3ac418,0x3b4cc0},
{0x3ac760,0x3b4cc0},
{0x3ac8a8,0x3b4cc0},
{0x3ac9a0,0x3b4cc0},
{0x3ace98,0x3b4cc0},
{0x3acf90,0x3b4cc0},
{0x3ad4c0,0x3b4cc0},
{0x3ad9d8,0x3b4cc0},
{0x3adad0,0x3b4cc0},
{0x3ae978,0x3b4cc0},
{0x3b02a0,0x3b4cc0},
{0x3b0418,0x3b4cc0},
{0x3b07f0,0x3b4cc0},
{0x3b0938,0x3b4cc0},
{0x3b0a30,0x3b4cc0},
{0x3b0f08,0x3b4cc0},
{0x3b1000,0x3b4cc0},
{0x3b14a8,0x3b4cc0},
{0x3b1650,0x3b4cc0},
{0x3b1a78,0x3b4cc0},
{0x3b1d40,0x3b4cc0},
{0x3b1e38,0x3b4cc0},
{0x3b23a0,0x3b4cc0},
{0x3b2568,0x3b4cc0},
{0x3b2700,0x3b4cc0},
{0x3b2c10,0x3b4cc0},
{0x3b3278,0x3b4cc0},
{0x3b36d0,0x3b4cc0},
{0x3b3e30,0x3b4cc0},
{0x3b43b8,0x3b4cc0},
{0x3b4be8,0x3b4cc0},
{0x3b5ac0,0x3b4cc0},
{0x3b5c08,0x3b4cc0},
{0x3b5d00,0x3b4cc0},
{0x3b5df8,0x3b4cc0},
{0x3b5f28,0x3b4cc0},
{0x3b6210,0x3b4cc0},
{0x3b6308,0x3b4cc0},
{0x3b6400,0x3b4cc0},
{0x3b66f8,0x3b4cc0},
{0x3b67f0,0x3b4cc0},
{0x3b68e8,0x3b4cc0},
{0x3b69e0,0x3b4cc0},
{0x3b6ad8,0x3b4cc0},
{0x3b6c20,0x3b4cc0},
{0x3b6d20,0x3b4cc0},
{0x3b6e40,0x3b4cc0},
{0x3b6f38,0x3b4cc0},
{0x3b7350,0x3b4cc0},
{0x3b7748,0x3b4cc0},
{0x3b78f0,0x3b4cc0},
{0x3b7b38,0x3b4cc0},
{0x3beae0,0x3b0c28},
{0x3b2b38,0x252068},
{0x3ad910,0x1d7134},
{0x3b2378,0x211578},
{0x3b27e0,0xe3b51},
{0x3ab3d0,0x1ba8f4},
{0x3b4f80,0xe5854},
{0x3b6f30,0xe622a},
{0x3ae0e8,0x1dccfc},
{0x3b0930,0xe1640},
{0x3b6d88,0x2d48fc},
{0x3bdce0,0x2d48fc},
{0x3b4a78,0x3b4aa8},
{0x3b0808,0x1fb5ac},
{0x3abc18,0x1c2a74},
{0x3b1120,0x201fb8},
{0x3b5b50,0x2bf55c},
{0x3ab738,0x1bc2c8},
{0x3adc68,0x1d9538},
{0x3b6808,0x2d06e0},
{0x3b1218,0x2023e4},
{0x3b1750,0xe2ac8},
{0x3bebe0,0xe2ac8},
{0x3b0ad0,0x1fe098},
{0x3b1e48,0x3b1e98},
{0x3b3f90,0x26d3c8},
{0x3b59c0,0x3b5ab0},
{0x3b7348,0xe623c},
{0x3adc50,0xde95f},
{0x3be970,0xde95f},
{0x3b2d00,0x252be0},
{0x3bed88,0x3b33d8},
{0x3b4300,0x271e20},
{0x3b6080,0x2d2ca0},
{0x3b6c88,0x2d2ca0},
{0x3b3e28,0xe45e9},
{0x3b04b0,0xe1194},
{0x3b5ee0,0x2c4d08},
{0x3bf1c8,0x3bdc30},
{0x3aa360,0x1593d4},
{0x3aa790,0x175e00},
{0x3b1268,0xe25bc},
{0x3be778,0x3ad218},
{0x3bdc38,0x3bdc68},
{0x3be6e0,0x3abc50},
{0x3b1e58,0x20f718},
{0x3b3a60,0x267a34},
{0x3b2dd0,0x3b2dd8},
{0x3b4bf8,0x276b84},
{0x3b5dd8,0x2c25d0},
{0x3beaf0,0x3b0ca8},
{0x3b61e8,0x2c82ec},
{0x3abe00,0x1c3544},
{0x3befd8,0x3c9f75},
{0x3ac190,0x3ac198},
{0x3b6cf0,0x2d395c},
{0x3adc38,0xde8b1},
{0x3b10e8,0xe21db},
{0x3b2370,0x2117f4},
{0x3b2390,0xe3abf},
{0x3b2768,0x240458},
{0x3b2918,0x240458},
{0x3b2960,0x240458},
{0x3b2b20,0x25191c},
{0x3ab6d8,0x3ab708},
{0x3bed60,0x3b2c18},
{0x3bf200,0x3cf650},
{0x3bddf8,0x3bded0},
{0x3bdd78,0x377ab4},
{0x3b7760,0x2dd970},
{0x3ab268,0x278288},
{0x3ab360,0x278288},
{0x3ab458,0x278288},
{0x3abab0,0x278288},
{0x3abba8,0x278288},
{0x3ac3c8,0x278288},
{0x3ac710,0x278288},
{0x3ac858,0x278288},
{0x3ac950,0x278288},
{0x3ace48,0x278288},
{0x3acf40,0x278288},
{0x3ad468,0x278288},
{0x3ad6e8,0x278288},
{0x3ad988,0x278288},
{0x3ada80,0x278288},
{0x3ae0a8,0x278288},
{0x3ae428,0x278288},
{0x3ae928,0x278288},
{0x3b0250,0x278288},
{0x3b03c8,0x278288},
{0x3b07a0,0x278288},
{0x3b08e8,0x278288},
{0x3b09e0,0x278288},
{0x3b0eb8,0x278288},
{0x3b0fb0,0x278288},
{0x3b1458,0x278288},
{0x3b1600,0x278288},
{0x3b1a28,0x278288},
{0x3b1cf0,0x278288},
{0x3b1de8,0x278288},
{0x3b2310,0x278288},
{0x3b2470,0x278288},
{0x3b26b0,0x278288},
{0x3b2a38,0x278288},
{0x3b2b98,0x278288},
{0x3b2cb8,0x278288},
{0x3b2e98,0x278288},
{0x3b31e0,0x278288},
{0x3b3320,0x278288},
{0x3b3658,0x278288},
{0x3b3778,0x278288},
{0x3b3ed8,0x278288},
{0x3b4368,0x278288},
{0x3b4c80,0x278288},
{0x3b5a58,0x278288},
{0x3b5bb8,0x278288},
{0x3b5cb0,0x278288},
{0x3b5da8,0x278288},
{0x3b5eb0,0x278288},
{0x3b5fd0,0x278288},
{0x3b60c0,0x278288},
{0x3b61c0,0x278288},
{0x3b62b8,0x278288},
{0x3b63b0,0x278288},
{0x3b66a8,0x278288},
{0x3b67a0,0x278288},
{0x3b6898,0x278288},
{0x3b6990,0x278288},
{0x3b6a88,0x278288},
{0x3b6bd0,0x278288},
{0x3b6cc8,0x278288},
{0x3b6ee8,0x278288},
{0x3b6fe0,0x278288},
{0x3b76f8,0x278288},
{0x3b78a0,0x278288},
{0x3b7ae8,0x278288},
{0x3adcd0,0xdea96},
{0x3be980,0xdea96},
{0x3ab3c0,0x3ab498},
{0x3beaa0,0x3b0c38},
{0x3b2b08,0x24e35c},
{0x3acfa0,0x3acff0},
{0x3ade70,0x1dab34},
{0x3bebe8,0x3b1748},
{0x3bf150,0x3b78f8},
{0x3b4b68,0x3b4b80},
{0x3b7bd8,0xe6bb7},
{0x3b6b58,0x2d224c},
{0x3beb90,0x3b13b8},
{0x3b0530,0xe122b},
{0x3bf000,0x3c9f98},
{0x3bf230,0x3bddc8},
{0x3bea88,0x3b0ab8},
{0x3ac150,0x3ac158},
{0x3ac5d8,0x3ac158},
{0x3b0488,0x3ac158},
{0x3ad290,0xdddce},
{0x3be8d0,0xdddce},
{0x3bf078,0x3b5988},
{0x3ab1f8,0x1b3374},
{0x3ab2f0,0x1b3374},
{0x3ab3e8,0x1b3374},
{0x3aba40,0x1b3374},
{0x3abb38,0x1b3374},
{0x3ac358,0x1b3374},
{0x3ac6a0,0x1b3374},
{0x3ac7e8,0x1b3374},
{0x3ac8e0,0x1b3374},
{0x3acdd8,0x1b3374},
{0x3aced0,0x1b3374},
{0x3ad3f8,0x1b3374},
{0x3ad678,0x1b3374},
{0x3ad918,0x1b3374},
{0x3ada10,0x1b3374},
{0x3ae038,0x1b3374},
{0x3ae3b8,0x1b3374},
{0x3ae8b8,0x1b3374},
{0x3b01e0,0x1b3374},
{0x3b0358,0x1b3374},
{0x3b0730,0x1b3374},
{0x3b0878,0x1b3374},
{0x3b0970,0x1b3374},
{0x3b0e48,0x1b3374},
{0x3b0f40,0x1b3374},
{0x3b13e8,0x1b3374},
{0x3b1590,0x1b3374},
{0x3b19b8,0x1b3374},
{0x3b1c80,0x1b3374},
{0x3b1d78,0x1b3374},
{0x3b22a0,0x1b3374},
{0x3b29c8,0x1b3374},
{0x3b2b28,0x1b3374},
{0x3b2c48,0x1b3374},
{0x3b2e28,0x1b3374},
{0x3b3170,0x1b3374},
{0x3b32b0,0x1b3374},
{0x3b3408,0x1b3374},
{0x3b35e8,0x1b3374},
{0x3b3708,0x1b3374},
{0x3b3a58,0x1b3374},
{0x3b3d48,0x1b3374},
{0x3b3e68,0x1b3374},
{0x3b42f8,0x1b3374},
{0x3b4c10,0x1b3374},
{0x3b59e8,0x1b3374},
{0x3b5b48,0x1b3374},
{0x3b5c40,0x1b3374},
{0x3b5d38,0x1b3374},
{0x3b5e40,0x1b3374},
{0x3b5f60,0x1b3374},
{0x3b6050,0x1b3374},
{0x3b6150,0x1b3374},
{0x3b6248,0x1b3374},
{0x3b6340,0x1b3374},
{0x3b6638,0x1b3374},
{0x3b6730,0x1b3374},
{0x3b6828,0x1b3374},
{0x3b6920,0x1b3374},
{0x3b6a18,0x1b3374},
{0x3b6b60,0x1b3374},
{0x3b6c58,0x1b3374},
{0x3b6d58,0x1b3374},
{0x3b6e78,0x1b3374},
{0x3b6f70,0x1b3374},
{0x3b7688,0x1b3374},
{0x3b7830,0x1b3374},
{0x3b7a78,0x1b3374},
{0x3bdcb0,0x1b3374},
{0x3ad1f8,0xddc0d},
{0x3adeb8,0xdedae},
{0x3b2bc0,0x24e700},
{0x3b2e90,0x257b64},
{0x3b34f0,0x260834},
{0x3b6b90,0x2d2240},
{0x3acf88,0xdd65a},
{0x3b2738,0x3b27f0},
{0x3b27e8,0x3b27f0},
{0x3b2ad0,0x24fc64},
{0x3b2f30,0x24fc64},
{0x3b3b60,0x24fc64},
{0x3b3df8,0x26a14c},
{0x3bdd60,0x377a34},
{0x3b0548,0xe128c},
{0x3bea30,0xe128c},
{0x3b43d8,0x2728e4},
{0x3b6df0,0x2d5080},
{0x3bdd48,0x2d5080},
{0x3ab6e0,0x1bb5e4},
{0x3bdb48,0x3bdb78},
{0x3b1ed8,0x20fa20},
{0x3be738,0x3ac168},
{0x3b04a0,0x3b04a8},
{0x3b6ae8,0x3b6b18},
{0x3ad078,0xdd7f6},
{0x3b0c18,0xe1b6d},
{0x3b7b58,0x2e5e48},
{0x3b60e8,0x2c6374},
{0x3add50,0xdebcd},
{0x3be990,0xdebcd},
{0x3b34a8,0x2601bc},
{0x3abeb0,0xdbe77},
{0x3be720,0xdbe77},
{0x3aba48,0x1be130},
{0x3be5f8,0xdae59},
{0x3b0e20,0x3b0ef8},
{0x3beba0,0x203618},
{0x3b5ea8,0x2c3b64},
{0x3b0728,0x1fb134},
{0x3bee08,0xe4793},
{0x3bebf0,0x3b1988},
{0x3ab220,0x2771d0},
{0x3ab318,0x2771d0},
{0x3ab410,0x2771d0},
{0x3aba68,0x2771d0},
{0x3abb60,0x2771d0},
{0x3ac380,0x2771d0},
{0x3ac6c8,0x2771d0},
{0x3ac810,0x2771d0},
{0x3ac908,0x2771d0},
{0x3ace00,0x2771d0},
{0x3acef8,0x2771d0},
{0x3ad420,0x2771d0},
{0x3ad6a0,0x2771d0},
{0x3ad940,0x2771d0},
{0x3ada38,0x2771d0},
{0x3ae060,0x2771d0},
{0x3ae3e0,0x2771d0},
{0x3ae8e0,0x2771d0},
{0x3b0208,0x2771d0},
{0x3b0380,0x2771d0},
{0x3b0758,0x2771d0},
{0x3b08a0,0x2771d0},
{0x3b0998,0x2771d0},
{0x3b0e70,0x2771d0},
{0x3b0f68,0x2771d0},
{0x3b1410,0x2771d0},
{0x3b15b8,0x2771d0},
{0x3b19e0,0x2771d0},
{0x3b1ca8,0x2771d0},
{0x3b1da0,0x2771d0},
{0x3b22c8,0x2771d0},
{0x3b2428,0x2771d0},
{0x3b2668,0x2771d0},
{0x3b29f0,0x2771d0},
{0x3b2b50,0x2771d0},
{0x3b2c70,0x2771d0},
{0x3b2e50,0x2771d0},
{0x3b3198,0x2771d0},
{0x3b32d8,0x2771d0},
{0x3b3430,0x2771d0},
{0x3b3610,0x2771d0},
{0x3b3730,0x2771d0},
{0x3b3a80,0x2771d0},
{0x3b3d70,0x2771d0},
{0x3b3e90,0x2771d0},
{0x3b4320,0x2771d0},
{0x3b4c38,0x2771d0},
{0x3b5a10,0x2771d0},
{0x3b5b70,0x2771d0},
{0x3b5c68,0x2771d0},
{0x3b5d60,0x2771d0},
{0x3b5e68,0x2771d0},
{0x3b5f88,0x2771d0},
{0x3b6078,0x2771d0},
{0x3b6178,0x2771d0},
{0x3b6270,0x2771d0},
{0x3b6368,0x2771d0},
{0x3b6758,0x2771d0},
{0x3b6850,0x2771d0},
{0x3b6948,0x2771d0},
{0x3b6a40,0x2771d0},
{0x3b6b88,0x2771d0},
{0x3b6c80,0x2771d0},
{0x3b6d80,0x2771d0},
{0x3b6ea0,0x2771d0},
{0x3b6f98,0x2771d0},
{0x3b76b0,0x2771d0},
{0x3b7858,0x2771d0},
{0x3b7aa0,0x2771d0},
{0x3bdcd8,0x2771d0},
{0x3b0800,0x3b0830},
{0x3bed98,0x3b3818},
{0x3bea68,0x1fa7a0},
{0x3b6858,0x2d088c},
{0x3ab7b0,0xdb39d},
{0x3be478,0x15db68},
{0x3b6a00,0x2d1e84},
{0x3bea10,0x1f6d50},
{0x3bdde8,0x377bc4},
{0x3aba38,0x1bdae4},
{0x3ad1b0,0x1d1708},
{0x3b3b40,0x267b40},
{0x3bdb98,0x3bdbc8},
{0x3b01d8,0x1f5660},
{0x3abdf0,0x3abe20},
{0x3bea48,0x3b07f8},
{0x3ab448,0x1ba43c},
{0x3bed68,0xe3e1b},
{0x3abb20,0x1c2778},
{0x3b0a28,0xe1688},
{0x3ad738,0xde358},
{0x3ad8f0,0x3ad9c8},
{0x3bf2a0,0x1558a0},
{0x3bf2a8,0x162b4c},
{0x3bf2b0,0x15a63c},
{0x3bf2b8,0x163180},
{0x3bf2c8,0x155b34},
{0x3bf2d0,0x162c54},
{0x3bf2e0,0x16331c},
{0x3bf2f0,0x36db00},
{0x3bf2f8,0x27fd50},
{0x3bf300,0x280c94},
{0x3bf308,0x155ddc},
{0x3bf310,0x155ee0},
{0x3bf318,0x170fb0},
{0x3bf320,0x15af7c},
{0x3bf348,0x155ddc},
{0x3bf350,0x156184},
{0x3bf358,0x36f8c4},
{0x3bf360,0x288a24},
{0x3bf368,0x28a0e4},
{0x3bf380,0x36c5cc},
{0x3bf398,0x1568d4},
{0x3bf3a0,0x178c24},
{0x3bf3a8,0x17b838},
{0x3bf3b0,0x171fc0},
{0x3bf3c0,0x157410},
{0x3bf3c8,0x15aab4},
{0x3bf3d0,0x36d92c},
{0x3bf3d8,0x1575ac},
{0x3bf3e0,0x280dac},
{0x3bf3e8,0x280fa0},
{0x3bf3f0,0x1577fc},
{0x3bf3f8,0x15b0a4},
{0x3bf400,0x157970},
{0x3bf410,0x15b6f4},
{0x3bf418,0x15c424},
{0x3bf420,0x157b80},
{0x3bf428,0x157bb4},
{0x3bf430,0x1631f8},
{0x3bf440,0x37201c},
{0x3bf448,0x3717f4},
{0x3bf450,0x371b90},
{0x3bf458,0x17a854},
{0x3bf460,0x168fe4},
{0x3bf468,0x157de0},
{0x3bf470,0x27f418},
{0x3bf478,0x27f7e4},
{0x3bf480,0x27faac},
{0x3bf488,0x36d290},
{0x3bf490,0x36d268},
{0x3bf498,0x36f774},
{0x3bf4a0,0x2a7774},
{0x3bf4a8,0x276000},
{0x3bf4b0,0x275f08},
{0x3bf4b8,0x16a8b8},
{0x3bf4c0,0x16a8b4},
{0x3bf4c8,0x27b680},
{0x3bf4d0,0x27b3f4},
{0x3bf4d8,0x281e4c},
{0x3bf4e0,0x2a8b18},
{0x3bf4e8,0x2a9718},
{0x3bf4f0,0x27b6d4},
{0x3bf4f8,0x16a810},
{0x3bf500,0x2a153c},
{0x3bf508,0x36f58c},
{0x3bf518,0x2dc580},
{0x3bf520,0x29fa44},
{0x3bf528,0x376bcc},
{0x3bf530,0x158f40},
{0x3bf538,0x159c1c},
{0x3bf540,0x1592d4},
{0x3bf548,0x1596c0},
{0x3bf550,0x15d4a0},
{0x3bf590,0x15a1dc},
{0x3bf598,0x15a2ac},
{0x3bf618,0x15b474},
{0x3bf620,0x15bd18},
{0x3bf628,0x15ba1c},
{0x3bf630,0x15cafc},
{0x3bf638,0x15c7b0},
{0x3bf648,0x1558a0},
{0x3bf650,0x1591a4},
{0x3bf658,0x15efe0},
{0x3bf660,0x163284},
{0x3bf668,0x28a48c},
{0x3bf670,0x36fac4},
{0x3bf678,0x36f848},
{0x3bf680,0x15f640},
{0x3bf688,0x15f7b4},
{0x3bf690,0x15f848},
{0x3bf698,0x36c8b4},
{0x3bf6a8,0x36c1ac},
{0x3bf6b8,0x2896e0},
{0x3bf6c0,0x289680},
{0x3bf6c8,0x27f4c4},
{0x3bf6d0,0x160430},
{0x3bf6d8,0x36c224},
{0x3bf6e0,0x36e624},
{0x3bf6e8,0x160588},
{0x3bf6f0,0x166e64},
{0x3bf6f8,0x27fa7c},
{0x3bf710,0x3721b4},
{0x3bf718,0x373890},
{0x3bf728,0x3743fc},
{0x3bf738,0x373aec},
{0x3bf740,0x27f4d4},
{0x3bf748,0x27f710},
{0x3bf750,0x1a7074},
{0x3bf758,0x1a7f4c},
{0x3bf760,0x29f758},
{0x3bf768,0x173848},
{0x3bf770,0x281724},
{0x3bf778,0x26efc0},
{0x3bf780,0x178c60},
{0x3bf788,0x27fcc4},
{0x3bf790,0x26ef84},
{0x3bf798,0x29fbf8},
{0x3bf7a0,0x2a1558},
{0x3bf7a8,0x2e27c8},
{0x3bf7b0,0x163a78},
{0x3bf7b8,0x2720d4},
{0x3bf7c0,0x26f218},
{0x3bf7c8,0x238e24},
{0x3bf7d8,0x281df0},
{0x3bf7e0,0x281d04},
{0x3bf7e8,0x281a28},
{0x3bf800,0x2e2d74},
{0x3bf808,0x2e2d80},
{0x3bf810,0x2a0154},
{0x3bf818,0x29f270},
{0x3bf820,0x27dafc},
{0x3bf828,0x1ab780},
{0x3bf830,0x1aa850},
{0x3bf840,0x2a0908},
{0x3bf848,0x2a0d2c},
{0x3bf850,0x2e5cd0},
{0x3bf858,0x1af374},
{0x3bf860,0x27fa5c},
{0x3bf868,0x29fa28},
{0x3bf870,0x2a00e0},
{0x3bf878,0x377aa8},
{0x3bf880,0x27fd14},
{0x3bf888,0x178ce0},
{0x3bf890,0x16d908},
{0x3bf898,0x167b30},
{0x3bf8a0,0x281570},
{0x3bf8a8,0x173a14},
{0x3bf8b0,0x29f8cc},
{0x3bf8c0,0x2117fc},
{0x3bf8c8,0x161544},
{0x3bf8d0,0x162a60},
{0x3bf8d8,0x163718},
{0x3bf8e0,0x162cd4},
{0x3bf8e8,0x3797b8},
{0x3bf8f0,0x379484},
{0x3bf8f8,0x379f74},
{0x3bf900,0x38054c},
{0x3bf908,0x36de30},
{0x3bf910,0x162f60},
{0x3bf918,0x163614},
{0x3bf920,0x36e148},
{0x3bf928,0x37b8e4},
{0x3bf930,0x380978},
{0x3bf938,0x163840},
{0x3bf948,0x163314},
{0x3bf950,0x163388},
{0x3bf958,0x371ba4},
{0x3bf960,0x163944},
{0x3bf968,0x16399c},
{0x3bf9a0,0x168904},
{0x3bf9c8,0x16e6c8},
{0x3bf9d8,0x164a68},
{0x3bf9e0,0x16b2fc},
{0x3bf9e8,0x164f58},
{0x3bf9f0,0x1650f0},
{0x3bf9f8,0x36bdac},
{0x3bfa00,0x36d68c},
{0x3bfa08,0x36ca68},
{0x3bfa10,0x36b808},
{0x3bfa18,0x36e8d8},
{0x3bfa20,0x36dc50},
{0x3bfa28,0x170400},
{0x3bfa30,0x297238},
{0x3bfa40,0x1686a4},
{0x3bfa48,0x168ce8},
{0x3bfa50,0x168e14},
{0x3bfa58,0x168efc},
{0x3bfa60,0x16a1fc},
{0x3bfa68,0x297278},
{0x3bfa70,0x168dd0},
{0x3bfa80,0x1659dc},
{0x3bfa88,0x16eefc},
{0x3bfa90,0x16c01c},
{0x3bfaa0,0x165c24},
{0x3bfaa8,0x166128},
{0x3bfab8,0x16918c},
{0x3bfac0,0x3805c8},
{0x3bfac8,0x36bc1c},
{0x3bfae0,0x169340},
{0x3bfae8,0x1696c8},
{0x3bfaf0,0x164664},
{0x3bfaf8,0x165830},
{0x3bfb00,0x167ba8},
{0x3bfb08,0x382654},
{0x3bfb10,0x383728},
{0x3bfb18,0x382618},
{0x3bfb20,0x3794a0},
{0x3bfb28,0x167ce4},
{0x3bfb30,0x382628},
{0x3bfb38,0x379ac8},
{0x3bfb48,0x370220},
{0x3bfb58,0x3707fc},
{0x3bfb60,0x370948},
{0x3bfb68,0x37090c},
{0x3bfb78,0x370758},
{0x3bfb80,0x179f40},
{0x3bfb88,0x179060},
{0x3bfb90,0x382724},
{0x3bfba8,0x16807c},
{0x3bfbc0,0x1680cc},
{0x3bfbc8,0x273f88},
{0x3bfbd0,0x274f10},
{0x3bfbd8,0x1681cc},
{0x3bfbe0,0x168244},
{0x3bfbe8,0x168338},
{0x3bfbf0,0x168394},
{0x3bfbf8,0x36d148},
{0x3bfc00,0x29cfa0},
{0x3bfc08,0x16897c},
{0x3bfc10,0x168ad4},
{0x3bfc18,0x168ae0},
{0x3bfc20,0x16a314},
{0x3bfc40,0x16a814},
{0x3bfc48,0x16a808},
{0x3bfc68,0x16a8b0},
{0x3bfc70,0x16aa70},
{0x3bfc80,0x16ab88},
{0x3bfc88,0x36e2b4},
{0x3bfc90,0x36be70},
{0x3bfc98,0x16d9b8},
{0x3bfca0,0x36d3c8},
{0x3bfca8,0x16dae0},
{0x3bfcb0,0x16bdb0},
{0x3bfcb8,0x379618},
{0x3bfcc0,0x381c68},
{0x3bfcc8,0x381d04},
{0x3bfcd0,0x381d9c},
{0x3bfcd8,0x37cdd8},
{0x3bfce0,0x37b984},
{0x3bfce8,0x379474},
{0x3bfcf0,0x3841d4},
{0x3bfd08,0x3842c8},
{0x3bfd68,0x16d888},
{0x3bfdd8,0x16ed90},
{0x3bfde0,0x17125c},
{0x3bfde8,0x16ee98},
{0x3bfdf0,0x16f1c4},
{0x3bfdf8,0x172ec0},
{0x3bfe00,0x16f6cc},
{0x3bfe08,0x16f6d0},
{0x3bfe10,0x172b40},
{0x3bfe18,0x172c44},
{0x3bfe20,0x16f910},
{0x3bfe28,0x36f648},
{0x3bfe48,0x170380},
{0x3bfe50,0x170484},
{0x3bfe58,0x1706d8},
{0x3bfe60,0x170828},
{0x3bfe68,0x170a70},
{0x3bfe70,0x170bc0},
{0x3bfe78,0x170d10},
{0x3bfe80,0x170e60},
{0x3bfe88,0x1726d8},
{0x3bfe90,0x171034},
{0x3bfe98,0x17135c},
{0x3bfea0,0x171380},
{0x3bfea8,0x275174},
{0x3bfeb0,0x173280},
{0x3bfeb8,0x27500c},
{0x3bfec0,0x17238c},
{0x3bfec8,0x172d68},
{0x3bfed0,0x1733dc},
{0x3bfed8,0x172fe8},
{0x3bfee0,0x2d4264},
{0x3bfef0,0x2d4338},
{0x3bfef8,0x27a500},
{0x3bff00,0x279e48},
{0x3bff08,0x279d2c},
{0x3bff10,0x17d590},
{0x3bff18,0x17424c},
{0x3bff20,0x37796c},
{0x3bff28,0x2771b0},
{0x3bff30,0x277194},
{0x3bff38,0x2d4904},
{0x3bff40,0x2d45ac},
{0x3bff48,0x1744a4},
{0x3bff50,0x281e00},
{0x3bff58,0x17a648},
{0x3bff60,0x17cb44},
{0x3bff68,0x1747e8},
{0x3bff70,0x2cce54},
{0x3bff78,0x2cd5d0},
{0x3bff80,0x2cdebc},
{0x3bff88,0x2cdec8},
{0x3bff90,0x1749dc},
{0x3bff98,0x28a21c},
{0x3bffa0,0x1759ec},
{0x3bffa8,0x176728},
{0x3bffb0,0x1769d8},
{0x3bffb8,0x28173c},
{0x3bffc0,0x28b1d0},
{0x3bffc8,0x28baf0},
{0x3bffd0,0x180ef0},
{0x3bffd8,0x176ca8},
{0x3bffe0,0x28bbf8},
{0x3bfff0,0x2e5640},
{0x3bfff8,0x2e2c38},
{0x3c0000,0x28bbf0},
{0x3c0008,0x2ce454},
{0x3c0010,0x177460},
{0x3c0018,0x17662c},
{0x3c0020,0x2d43d4},
{0x3c0028,0x36d084},
{0x3c0030,0x26f7f8},
{0x3c0038,0x26fab4},
{0x3c0040,0x1795e0},
{0x3c0048,0x182a48},
{0x3c0050,0x178250},
{0x3c0058,0x1781d4},
{0x3c0060,0x178484},
{0x3c0068,0x1785b4},
{0x3c0070,0x271968},
{0x3c0078,0x18310c},
{0x3c0080,0x183210},
{0x3c0088,0x178e40},
{0x3c00b8,0x178fe4},
{0x3c00c0,0x17796c},
{0x3c00c8,0x178364},
{0x3c00d0,0x182d44},
{0x3c00d8,0x17939c},
{0x3c00e0,0x179740},
{0x3c00e8,0x1799cc},
{0x3c00f0,0x179b14},
{0x3c00f8,0x184f88},
{0x3c0100,0x180758},
{0x3c0108,0x180cb4},
{0x3c0110,0x17a280},
{0x3c0118,0x183314},
{0x3c0120,0x17ce2c},
{0x3c0128,0x17f9f8},
{0x3c0130,0x17bc24},
{0x3c0138,0x210f54},
{0x3c0140,0x17aa28},
{0x3c0148,0x17ab40},
{0x3c0150,0x184468},
{0x3c0158,0x184700},
{0x3c0160,0x27135c},
{0x3c0168,0x17b364},
{0x3c0170,0x17b588},
{0x3c0178,0x17b908},
{0x3c0180,0x17ba5c},
{0x3c0188,0x181d2c},
{0x3c0190,0x29cbf8},
{0x3c0198,0x184868},
{0x3c01a0,0x17bf30},
{0x3c01a8,0x17c750},
{0x3c01b0,0x17ca54},
{0x3c01b8,0x18496c},
{0x3c01c0,0x184e84},
{0x3c01c8,0x1865b8},
{0x3c01d0,0x17e368},
{0x3c01d8,0x181cdc},
{0x3c01e0,0x17e110},
{0x3c01e8,0x17f524},
{0x3c01f0,0x289cfc},
{0x3c01f8,0x185e6c},
{0x3c0200,0x18104c},
{0x3c0208,0x185820},
{0x3c0210,0x1816fc},
{0x3c0218,0x36f868},
{0x3c0220,0x2e0f84},
{0x3c0228,0x2e0f90},
{0x3c0230,0x1850cc},
{0x3c0238,0x2897b0},
{0x3c0240,0x1821fc},
{0x3c0248,0x182320},
{0x3c0250,0x182b88},
{0x3c0258,0x18576c},
{0x3c0260,0x1855b0},
{0x3c0268,0x185924},
{0x3c0270,0x185c18},
{0x3c0278,0x18625c},
{0x3c0280,0x1887dc},
{0x3c0288,0x18876c},
{0x3c0290,0x1888e0},
{0x3c0298,0x188db4},
{0x3c02a0,0x188e64},
{0x3c02a8,0x1892ac},
{0x3c02b0,0x1894a4},
{0x3c02b8,0x36f4d0},
{0x3c02d0,0x197568},
{0x3c02f0,0x189fac},
{0x3c02f8,0x18a8a8},
{0x3c0300,0x18aaf0},
{0x3c0308,0x18adbc},
{0x3c0310,0x36e880},
{0x3c0318,0x18afb0},
{0x3c0320,0x18b098},
{0x3c0328,0x2a87d8},
{0x3c0330,0x18b27c},
{0x3c0338,0x18db14},
{0x3c0348,0x18e4c4},
{0x3c0350,0x374e34},
{0x3c0358,0x18eafc},
{0x3c0360,0x374efc},
{0x3c0368,0x18eda0},
{0x3c0370,0x3753d8},
{0x3c0378,0x374fc4},
{0x3c0380,0x37522c},
{0x3c0388,0x3755f8},
{0x3c0390,0x1ac5dc},
{0x3c0398,0x18f59c},
{0x3c03a0,0x18f610},
{0x3c03a8,0x18f790},
{0x3c03b0,0x36e4d4},
{0x3c03b8,0x1a2410},
{0x3c03c0,0x377260},
{0x3c03c8,0x195a9c},
{0x3c03d0,0x377614},
{0x3c03d8,0x1904f0},
{0x3c03e0,0x192778},
{0x3c03e8,0x377590},
{0x3c03f0,0x19547c},
{0x3c03f8,0x1989d0},
{0x3c0400,0x197adc},
{0x3c0418,0x19b6dc},
{0x3c0420,0x19b428},
{0x3c0428,0x198924},
{0x3c0440,0x195b90},
{0x3c0448,0x194a60},
{0x3c0450,0x192b48},
{0x3c0458,0x192b7c},
{0x3c0460,0x192f10},
{0x3c0468,0x193cfc},
{0x3c0470,0x3776c0},
{0x3c0478,0x377894},
{0x3c0480,0x1940a0},
{0x3c0488,0x37786c},
{0x3c0498,0x195c28},
{0x3c04a0,0x194924},
{0x3c04a8,0x19bc44},
{0x3c04b0,0x19bd48},
{0x3c04b8,0x19c1f4},
{0x3c04c0,0x19c404},
{0x3c04c8,0x195be8},
{0x3c04d8,0x1988ec},
{0x3c04e0,0x1979d0},
{0x3c04e8,0x197ca4},
{0x3c04f0,0x19c650},
{0x3c04f8,0x1961b0},
{0x3c0500,0x196020},
{0x3c0508,0x19c508},
{0x3c0510,0x1961ec},
{0x3c0518,0x374d6c},
{0x3c0520,0x19c82c},
{0x3c0528,0x196874},
{0x3c0530,0x196a2c},
{0x3c0538,0x375548},
{0x3c0540,0x196ac0},
{0x3c0548,0x196c40},
{0x3c0550,0x196cd4},
{0x3c0558,0x198860},
{0x3c0570,0x197bcc},
{0x3c0580,0x198c34},
{0x3c0588,0x198bfc},
{0x3c0590,0x198f54},
{0x3c0598,0x198c94},
{0x3c05a0,0x1990cc},
{0x3c05a8,0x199278},
{0x3c05b0,0x1998e4},
{0x3c05b8,0x199614},
{0x3c05c0,0x198df0},
{0x3c05c8,0x19a230},
{0x3c05d0,0x19a2e4},
{0x3c05d8,0x19a5b8},
{0x3c05e0,0x19affc},
{0x3c05e8,0x19b168},
{0x3c05f0,0x19b2d4},
{0x3c0600,0x19a800},
{0x3c0608,0x19adc0},
{0x3c0610,0x19a8c4},
{0x3c0618,0x19aa3c},
{0x3c0620,0x19ae70},
{0x3c0628,0x19af98},
{0x3c0630,0x19baec},
{0x3c0638,0x19be3c},
{0x3c0640,0x19bf5c},
{0x3c0648,0x19c300},
{0x3c0658,0x19d3c0},
{0x3c0660,0x19e01c},
{0x3c0668,0x19fde0},
{0x3c0670,0x19e0ec},
{0x3c0678,0x19eb60},
{0x3c0680,0x1a0100},
{0x3c0688,0x19ec30},
{0x3c06a8,0x19f660},
{0x3c06b0,0x19fbcc},
{0x3c06b8,0x19fce8},
{0x3c06c0,0x19d034},
{0x3c06c8,0x1a2464},
{0x3c06d0,0x1a2524},
{0x3c06d8,0x1a6bec},
{0x3c06e0,0x1a2b44},
{0x3c06e8,0x1a2b50},
{0x3c06f0,0x1a3150},
{0x3c06f8,0x1a3148},
{0x3c0700,0x374ca4},
{0x3c0708,0x1a34b8},
{0x3c0710,0x1a49a4},
{0x3c0718,0x1a4ef0},
{0x3c0720,0x373c48},
{0x3c0728,0x1a4958},
{0x3c0730,0x1a4674},
{0x3c0738,0x375098},
{0x3c0740,0x1a5224},
{0x3c0748,0x1a55bc},
{0x3c0750,0x1a5844},
{0x3c0758,0x1a5aa0},
{0x3c0760,0x1a5348},
{0x3c0768,0x1a5478},
{0x3c0770,0x1a6a6c},
{0x3c0778,0x1a554c},
{0x3c0780,0x1a5584},
{0x3c0788,0x1a5794},
{0x3c0790,0x1a5a2c},
{0x3c0798,0x1a5bc4},
{0x3c07a0,0x1a664c},
{0x3c07a8,0x1a66ac},
{0x3c07b8,0x1a70c8},
{0x3c07c0,0x1a710c},
{0x3c07c8,0x1a7240},
{0x3c07d0,0x1a7424},
{0x3c07d8,0x1a7570},
{0x3c07e0,0x1a76bc},
{0x3c07e8,0x1a7808},
{0x3c07f0,0x1a7954},
{0x3c07f8,0x1a7aa0},
{0x3c0800,0x1a7c10},
{0x3c0808,0x1a8334},
{0x3c0810,0x1a8614},
{0x3c0818,0x1a8a80},
{0x3c0820,0x1a8bcc},
{0x3c0828,0x1a9d24},
{0x3c0830,0x1aa148},
{0x3c0838,0x1aa2f4},
{0x3c0848,0x1acae4},
{0x3c0868,0x27f428},
{0x3c0878,0x1adc34},
{0x3c0880,0x1adad0},
{0x3c0888,0x374ab4},
{0x3c0890,0x1abff4},
{0x3c0898,0x1ab4f0},
{0x3c08a0,0x1aad58},
{0x3c08a8,0x1ab5b4},
{0x3c08b0,0x1ad01c},
{0x3c08b8,0x1ab7d8},
{0x3c08c0,0x1b126c},
{0x3c08c8,0x1acb28},
{0x3c08f0,0x1aeb50},
{0x3c0900,0x1aef30},
{0x3c0908,0x1af1cc},
{0x3c0910,0x1afab0},
{0x3c0928,0x2766fc},
{0x3c0930,0x276780},
{0x3c0938,0x2e1940},
{0x3c0940,0x2e0f6c},
{0x3c0948,0x2e0f70},
{0x3c0950,0x1b3040},
{0x3c0958,0x2771d0},
{0x3c0960,0x277500},
{0x3c0968,0x278288},
{0x3c0970,0x277a74},
{0x3c0978,0x278278},
{0x3c0980,0x35c5c0},
{0x3c0988,0x1b3710},
{0x3c0990,0x2e3980},
{0x3c0998,0x2e1a08},
{0x3c09a0,0x1b3934},
{0x3c09b8,0x2e0fdc},
{0x3c09c0,0x35caec},
{0x3c09c8,0x276fa8},
{0x3c09d0,0x276fb0},
{0x3c09d8,0x2e1194},
{0x3c09e0,0x35c590},
{0x3c09e8,0x2e5470},
{0x3c09f0,0x277114},
{0x3c09f8,0x276ba8},
{0x3c0a00,0x29c308},
{0x3c0a08,0x1b4694},
{0x3c0a10,0x1b4798},
{0x3c0a18,0x1b443c},
{0x3c0a20,0x1b456c},
{0x3c0a28,0x276e64},
{0x3c0a30,0x1b33e4},
{0x3c0a38,0x2c05b4},
{0x3c0a40,0x2be740},
{0x3c0a48,0x2772c8},
{0x3c0a50,0x2766fc},
{0x3c0a58,0x2c0bc0},
{0x3c0a60,0x2e6ca8},
{0x3c0a68,0x2d0c00},
{0x3c0a70,0x2d0d30},
{0x3c0a78,0x2c6cb8},
{0x3c0a80,0x2c823c},
{0x3c0a88,0x1bb90c},
{0x3c0a90,0x2c2b40},
{0x3c0a98,0x1b65c4},
{0x3c0aa0,0x1b6494},
{0x3c0aa8,0x1b6ac4},
{0x3c0ab0,0x2c08e4},
{0x3c0ab8,0x2c193c},
{0x3c0ac0,0x2771d8},
{0x3c0ac8,0x2d06e0},
{0x3c0ad0,0x2c0aa0},
{0x3c0ad8,0x2c0b30},
{0x3c0ae0,0x2e7f94},
{0x3c0ae8,0x2c09d0},
{0x3c0af0,0x2c0a38},
{0x3c0af8,0x1b7034},
{0x3c0b00,0x2c1a88},
{0x3c0b08,0x2d2bc4},
{0x3c0b10,0x2e80c4},
{0x3c0b18,0x2c8254},
{0x3c0b20,0x1b7578},
{0x3c0b28,0x1bc4cc},
{0x3c0b30,0x1b7798},
{0x3c0b38,0x23e7f4},
{0x3c0b40,0x2c1ad0},
{0x3c0b48,0x2d2c70},
{0x3c0b50,0x2d0d78},
{0x3c0b58,0x1b7f70},
{0x3c0b60,0x1bc60c},
{0x3c0b68,0x2d2a04},
{0x3c0b70,0x1baac8},
{0x3c0b78,0x2c2e80},
{0x3c0b80,0x2c2120},
{0x3c0b88,0x23eb0c},
{0x3c0b90,0x1b8ec8},
{0x3c0b98,0x23f10c},
{0x3c0ba0,0x1baa78},
{0x3c0ba8,0x1b8ff4},
{0x3c0bb0,0x1b8d0c},
{0x3c0bb8,0x1b905c},
{0x3c0bc0,0x276edc},
{0x3c0bc8,0x1b9d20},
{0x3c0bd0,0x1bd038},
{0x3c0bd8,0x2cd718},
{0x3c0be0,0x1b9f24},
{0x3c0be8,0x2ddc04},
{0x3c0bf0,0x2c25d0},
{0x3c0bf8,0x1ba30c},
{0x3c0c00,0x2c221c},
{0x3c0c08,0x2c2158},
{0x3c0c10,0x1ba44c},
{0x3c0c18,0x1b489c},
{0x3c0c20,0x2d0258},
{0x3c0c28,0x2d2890},
{0x3c0c30,0x2d0a04},
{0x3c0c38,0x2d08a8},
{0x3c0c40,0x2d38d8},
{0x3c0c48,0x2d395c},
{0x3c0c50,0x1bd744},
{0x3c0c58,0x1bd900},
{0x3c0c60,0x1bda38},
{0x3c0c68,0x1bdf7c},
{0x3c0c70,0x1be190},
{0x3c0c78,0x1c279c},
{0x3c0c80,0x2d200c},
{0x3c0c88,0x2bf7f0},
{0x3c0c90,0x2cfcdc},
{0x3c0c98,0x1c457c},
{0x3c0ca0,0x1c1488},
{0x3c0ca8,0x1c1744},
{0x3c0cb0,0x1c1c14},
{0x3c0cb8,0x1c1eec},
{0x3c0cc8,0x1c22f4},
{0x3c0cd0,0x1c2424},
{0x3c0cd8,0x1c2554},
{0x3c0ce0,0x1be380},
{0x3c0ce8,0x1c58c8},
{0x3c0cf0,0x2cee98},
{0x3c0cf8,0x1c8df8},
{0x3c0d00,0x2cf650},
{0x3c0d08,0x1c9100},
{0x3c0d10,0x1c9234},
{0x3c0d18,0x2cffe8},
{0x3c0d20,0x1c9e1c},
{0x3c0d28,0x1ce114},
{0x3c0d30,0x1cbd20},
{0x3c0d38,0x2a1058},
{0x3c0d40,0x2a1244},
{0x3c0d48,0x1d1aa0},
{0x3c0d50,0x1cf7dc},
{0x3c0d58,0x202de0},
{0x3c0d60,0x1ca30c},
{0x3c0d68,0x272314},
{0x3c0d70,0x1c9f5c},
{0x3c0d78,0x1ca4c8},
{0x3c0d80,0x1ca704},
{0x3c0d88,0x1cde84},
{0x3c0d90,0x278f0c},
{0x3c0d98,0x279174},
{0x3c0da0,0x1caa78},
{0x3c0da8,0x2cffe0},
{0x3c0db0,0x1cab98},
{0x3c0db8,0x1cae5c},
{0x3c0dc0,0x2d2c48},
{0x3c0dc8,0x2ce03c},
{0x3c0dd0,0x2cce14},
{0x3c0dd8,0x2ccff4},
{0x3c0de0,0x1cb3a0},
{0x3c0de8,0x1cc000},
{0x3c0df0,0x1cbbdc},
{0x3c0df8,0x277188},
{0x3c0e00,0x1cdfe4},
{0x3c0e08,0x2cfb78},
{0x3c0e10,0x1ccfa4},
{0x3c0e18,0x1cd990},
{0x3c0e20,0x1cdd18},
{0x3c0e28,0x1ce8d4},
{0x3c0e30,0x1cee18},
{0x3c0e38,0x1cfbe0},
{0x3c0e40,0x1cf688},
{0x3c0e48,0x1d0b84},
{0x3c0e50,0x1d1574},
{0x3c0e58,0x1d1904},
{0x3c0e60,0x1c6040},
{0x3c0e68,0x1d25c0},
{0x3c0e70,0x1d299c},
{0x3c0e78,0x288a78},
{0x3c0e80,0x1d299c},
{0x3c0e88,0x1d2aa4},
{0x3c0e90,0x1d2f1c},
{0x3c0e98,0x2d1598},
{0x3c0ea0,0x1d5e98},
{0x3c0ea8,0x2d2500},
{0x3c0eb0,0x1d6934},
{0x3c0eb8,0x1d5b18},
{0x3c0ec0,0x1d79fc},
{0x3c0ec8,0x1d785c},
{0x3c0ed0,0x1db858},
{0x3c0ed8,0x1dde98},
{0x3c0ee0,0x1d5e70},
{0x3c0ee8,0x2d1038},
{0x3c0ef0,0x2d1b8c},
{0x3c0ef8,0x281d14},
{0x3c0f00,0x2d24f8},
{0x3c0f08,0x1d6a70},
{0x3c0f10,0x1d6fc4},
{0x3c0f18,0x1d7dc0},
{0x3c0f20,0x1d78a0},
{0x3c0f28,0x1d8d64},
{0x3c0f30,0x1d975c},
{0x3c0f38,0x1d9af4},
{0x3c0f40,0x1d9d68},
{0x3c0f48,0x1da748},
{0x3c0f50,0x1d42cc},
{0x3c0f58,0x1dd2e4},
{0x3c0f60,0x1dda24},
{0x3c0f68,0x1dccd4},
{0x3c0f70,0x1e09f8},
{0x3c0f78,0x1e10b0},
{0x3c0f80,0x1e31a0},
{0x3c0f88,0x1e370c},
{0x3c0f90,0x1e3bfc},
{0x3c0f98,0x1f51a4},
{0x3c0fa0,0x1ec444},
{0x3c0fa8,0x23ea10},
{0x3c0fb0,0x1e4a1c},
{0x3c0fb8,0x1e5368},
{0x3c0fc0,0x1ed920},
{0x3c0fc8,0x1ef110},
{0x3c0fd0,0x1ef778},
{0x3c0fd8,0x1f0498},
{0x3c0fe0,0x1e8618},
{0x3c0fe8,0x1f1604},
{0x3c0ff0,0x1f1c88},
{0x3c0ff8,0x1ea574},
{0x3c1000,0x1ea860},
{0x3c1008,0x20463c},
{0x3c1010,0x1ebcbc},
{0x3c1018,0x1ebdec},
{0x3c1020,0x1f9490},
{0x3c1028,0x1f55d8},
{0x3c1030,0x2752e0},
{0x3c1038,0x2703d4},
{0x3c1040,0x2702cc},
{0x3c1048,0x2d5a90},
{0x3c1050,0x2814f4},
{0x3c1058,0x1e2bc8},
{0x3c1060,0x1f54f4},
{0x3c1068,0x1f7b9c},
{0x3c1070,0x1f6d50},
{0x3c1078,0x1f6e10},
{0x3c1080,0x1f7230},
{0x3c1088,0x1f7578},
{0x3c1090,0x1f8434},
{0x3c1098,0x1f85b0},
{0x3c10a0,0x1f88b4},
{0x3c10a8,0x1f872c},
{0x3c10b0,0x1f5b08},
{0x3c10b8,0x1fb604},
{0x3c10c0,0x1f9ef0},
{0x3c10c8,0x1fa15c},
{0x3c10d0,0x1fee44},
{0x3c10d8,0x1fc700},
{0x3c10e0,0x1fc54c},
{0x3c10e8,0x202790},
{0x3c10f0,0x2004e0},
{0x3c10f8,0x1fa7a0},
{0x3c1100,0x1faef0},
{0x3c1108,0x1facdc},
{0x3c1110,0x1fea18},
{0x3c1118,0x1fb740},
{0x3c1120,0x1fbcb0},
{0x3c1128,0x1fcae0},
{0x3c1130,0x1fc5ac},
{0x3c1138,0x1fda84},
{0x3c1140,0x1fe474},
{0x3c1148,0x1fe804},
{0x3c1150,0x1ff5d8},
{0x3c1158,0x1ffb1c},
{0x3c1160,0x2008e4},
{0x3c1168,0x20038c},
{0x3c1170,0x201888},
{0x3c1178,0x202278},
{0x3c1180,0x202608},
{0x3c1188,0x202fb8},
{0x3c1190,0x2037dc},
{0x3c1198,0x203d68},
{0x3c11a0,0x2044e4},
{0x3c11a8,0x203ff4},
{0x3c11b0,0x20483c},
{0x3c11b8,0x206010},
{0x3c11c0,0x2064b4},
{0x3c11c8,0x2097e8},
{0x3c11d0,0x206ac8},
{0x3c11d8,0x209924},
{0x3c11e0,0x36fde0},
{0x3c11e8,0x207e70},
{0x3c11f0,0x207710},
{0x3c11f8,0x270048},
{0x3c1200,0x209af4},
{0x3c1208,0x20813c},
{0x3c1210,0x29fac4},
{0x3c1218,0x209e24},
{0x3c1220,0x20a92c},
{0x3c1228,0x20ae98},
{0x3c1230,0x20afcc},
{0x3c1238,0x2102d8},
{0x3c1240,0x20e064},
{0x3c1248,0x20cb08},
{0x3c1250,0x20b31c},
{0x3c1258,0x20b6cc},
{0x3c1260,0x20d1a0},
{0x3c1268,0x210690},
{0x3c1270,0x20c83c},
{0x3c1278,0x20c3d4},
{0x3c1280,0x20c4ec},
{0x3c1288,0x20c604},
{0x3c1290,0x20c8e8},
{0x3c1298,0x28981c},
{0x3c12a0,0x20d6e4},
{0x3c12a8,0x20e468},
{0x3c12b0,0x20df20},
{0x3c12b8,0x20f40c},
{0x3c12c0,0x20fde4},
{0x3c12c8,0x210158},
{0x3c12d0,0x2d0934},
{0x3c12d8,0x21152c},
{0x3c12e0,0x211674},
{0x3c12e8,0x2d095c},
{0x3c12f0,0x2d09b0},
{0x3c12f8,0x23d780},
{0x3c1300,0x35ad70},
{0x3c1308,0x35ae6c},
{0x3c1310,0x2148cc},
{0x3c1318,0x214c24},
{0x3c1320,0x215400},
{0x3c1328,0x2170d0},
{0x3c1330,0x23da44},
{0x3c1338,0x2e7fa4},
{0x3c1340,0x219034},
{0x3c1350,0x2e4f1c},
{0x3c1358,0x2176f0},
{0x3c1360,0x21938c},
{0x3c1368,0x219448},
{0x3c1370,0x219570},
{0x3c1378,0x21c414},
{0x3c1380,0x219638},
{0x3c1388,0x219c4c},
{0x3c1390,0x2e7d38},
{0x3c1398,0x2e9304},
{0x3c13a0,0x2e52e8},
{0x3c13b0,0x21b0c8},
{0x3c13b8,0x21b134},
{0x3c13c0,0x21bfa0},
{0x3c13c8,0x21c35c},
{0x3c13e0,0x21c900},
{0x3c13e8,0x236968},
{0x3c13f0,0x21d1c0},
{0x3c13f8,0x21d154},
{0x3c1400,0x21d410},
{0x3c1408,0x21d4c0},
{0x3c1410,0x21d824},
{0x3c1418,0x21db08},
{0x3c1420,0x21dbfc},
{0x3c1428,0x21dd24},
{0x3c1430,0x2e15dc},
{0x3c1438,0x21e040},
{0x3c1440,0x21e2d4},
{0x3c1448,0x237420},
{0x3c1450,0x2d3930},
{0x3c1458,0x220c20},
{0x3c1460,0x21f854},
{0x3c1468,0x21f990},
{0x3c1470,0x236dd8},
{0x3c1478,0x21fe38},
{0x3c1480,0x220360},
{0x3c1488,0x220d10},
{0x3c1490,0x2210a8},
{0x3c1498,0x2d2dc4},
{0x3c14a0,0x221854},
{0x3c14a8,0x221a54},
{0x3c14b0,0x2a5720},
{0x3c14b8,0x237a60},
{0x3c14c0,0x2a6850},
{0x3c14c8,0x237f78},
{0x3c14d0,0x2228f8},
{0x3c14d8,0x22288c},
{0x3c14e0,0x2a6ed0},
{0x3c14e8,0x237818},
{0x3c14f0,0x237600},
{0x3c14f8,0x2a7804},
{0x3c1500,0x23836c},
{0x3c1508,0x2366d4},
{0x3c1510,0x22696c},
{0x3c1518,0x224ab0},
{0x3c1520,0x224c00},
{0x3c1528,0x224ca0},
{0x3c1530,0x2255f8},
{0x3c1538,0x2a73f8},
{0x3c1540,0x2269fc},
{0x3c1548,0x226e5c},
{0x3c1550,0x2e2800},
{0x3c1558,0x2e2aac},
{0x3c1560,0x2278c0},
{0x3c1568,0x227b30},
{0x3c1570,0x227d44},
{0x3c1578,0x2a39cc},
{0x3c1580,0x2280e8},
{0x3c1590,0x22833c},
{0x3c15a8,0x228ce8},
{0x3c15b0,0x228e7c},
{0x3c15b8,0x229014},
{0x3c15c0,0x2291b0},
{0x3c15c8,0x2292e0},
{0x3c15d0,0x229430},
{0x3c15d8,0x2295e8},
{0x3c15e0,0x229aac},
{0x3c15e8,0x2d2d2c},
{0x3c15f8,0x2e4a28},
{0x3c1600,0x22a154},
{0x3c1608,0x22a590},
{0x3c1610,0x22a688},
{0x3c1618,0x22c0d8},
{0x3c1620,0x2387d8},
{0x3c1628,0x22c644},
{0x3c1630,0x22c77c},
{0x3c1638,0x22ce5c},
{0x3c1640,0x22cef4},
{0x3c1648,0x22d090},
{0x3c1650,0x22d6d8},
{0x3c1658,0x23e1d0},
{0x3c1660,0x22d7c4},
{0x3c1668,0x22d8ec},
{0x3c1670,0x27d864},
{0x3c1678,0x22d9e8},
{0x3c1680,0x22db04},
{0x3c1688,0x22e5dc},
{0x3c1690,0x22ea88},
{0x3c1698,0x2e18b0},
{0x3c16a0,0x23e270},
{0x3c16a8,0x22f270},
{0x3c16b0,0x22f77c},
{0x3c16b8,0x276b44},
{0x3c16c0,0x276b54},
{0x3c16c8,0x2302d8},
{0x3c16d0,0x230c88},
{0x3c16d8,0x231120},
{0x3c16e0,0x23896c},
{0x3c16e8,0x2318d0},
{0x3c16f0,0x2319e8},
{0x3c16f8,0x23e20c},
{0x3c1700,0x232e00},
{0x3c1708,0x233fe4},
{0x3c1718,0x373c54},
{0x3c1720,0x2a77f0},
{0x3c1728,0x2a89a8},
{0x3c1730,0x374a18},
{0x3c1738,0x375744},
{0x3c1740,0x373ddc},
{0x3c1748,0x234028},
{0x3c1750,0x37497c},
{0x3c1758,0x23447c},
{0x3c1760,0x23424c},
{0x3c1768,0x238c58},
{0x3c1778,0x239acc},
{0x3c1780,0x23a248},
{0x3c1788,0x23a448},
{0x3c1790,0x23a6b0},
{0x3c1798,0x23a75c},
{0x3c17a0,0x23aab0},
{0x3c17a8,0x23ac1c},
{0x3c17b0,0x23e1e8},
{0x3c17b8,0x2a397c},
{0x3c17c0,0x2a39b8},
{0x3c17c8,0x23c914},
{0x3c17d0,0x23cbc0},
{0x3c17d8,0x23d7dc},
{0x3c17e0,0x374108},
{0x3c17e8,0x23dab8},
{0x3c17f8,0x373e78},
{0x3c1800,0x374114},
{0x3c1808,0x373f14},
{0x3c1810,0x37406c},
{0x3c1818,0x35c4e0},
{0x3c1820,0x23ebe4},
{0x3c1828,0x240f14},
{0x3c1830,0x240dc0},
{0x3c1838,0x23ee48},
{0x3c1840,0x23f168},
{0x3c1848,0x23f638},
{0x3c1850,0x23f940},
{0x3c1858,0x241264},
{0x3c1860,0x23fed0},
{0x3c1868,0x2405b8},
{0x3c1870,0x2409ac},
{0x3c1878,0x240ad4},
{0x3c1880,0x246ee8},
{0x3c1888,0x246e98},
{0x3c1890,0x2484a4},
{0x3c1898,0x371ce4},
{0x3c18a0,0x2454c8},
{0x3c18b8,0x24586c},
{0x3c18c0,0x245998},
{0x3c18c8,0x245e5c},
{0x3c18d0,0x245fd8},
{0x3c18d8,0x246154},
{0x3c18e0,0x2462dc},
{0x3c18e8,0x246d2c},
{0x3c18f0,0x2473e4},
{0x3c18f8,0x2482a4},
{0x3c1900,0x248c6c},
{0x3c1910,0x248938},
{0x3c1918,0x248fc0},
{0x3c1920,0x24d74c},
{0x3c1928,0x386648},
{0x3c1930,0x38c11c},
{0x3c1938,0x385024},
{0x3c1940,0x384e58},
{0x3c1948,0x386e50},
{0x3c1950,0x3851b4},
{0x3c1958,0x384b58},
{0x3c1960,0x249404},
{0x3c1968,0x3796ac},
{0x3c1970,0x3822e4},
{0x3c1978,0x3822fc},
{0x3c1980,0x3799fc},
{0x3c1988,0x377f94},
{0x3c1990,0x382364},
{0x3c1998,0x37947c},
{0x3c19a0,0x249c70},
{0x3c19a8,0x249e88},
{0x3c19b8,0x24a3d0},
{0x3c19c0,0x370134},
{0x3c19c8,0x383520},
{0x3c19d0,0x24a804},
{0x3c19d8,0x380634},
{0x3c19e0,0x38c07c},
{0x3c19e8,0x385084},
{0x3c19f0,0x38508c},
{0x3c19f8,0x24de60},
{0x3c1a00,0x259448},
{0x3c1a08,0x24dffc},
{0x3c1a10,0x277220},
{0x3c1a18,0x24e35c},
{0x3c1a20,0x24e434},
{0x3c1a28,0x2534cc},
{0x3c1a30,0x2e5cf8},
{0x3c1a38,0x252a80},
{0x3c1a40,0x24e56c},
{0x3c1a48,0x2596ec},
{0x3c1a50,0x24e700},
{0x3c1a58,0x277428},
{0x3c1a60,0x2e93c8},
{0x3c1a68,0x2e0fbc},
{0x3c1a70,0x2ce04c},
{0x3c1a78,0x2ce058},
{0x3c1a80,0x29c224},
{0x3c1a88,0x259bd4},
{0x3c1a90,0x24fd14},
{0x3c1a98,0x24fe24},
{0x3c1aa0,0x252be4},
{0x3c1aa8,0x253a6c},
{0x3c1ab0,0x252a14},
{0x3c1ab8,0x2713b0},
{0x3c1ac0,0x25145c},
{0x3c1ac8,0x25158c},
{0x3c1ad0,0x25171c},
{0x3c1ad8,0x252d24},
{0x3c1ae0,0x2e1158},
{0x3c1ae8,0x252e44},
{0x3c1af0,0x2ce070},
{0x3c1af8,0x2e1274},
{0x3c1b00,0x2e9314},
{0x3c1b08,0x253084},
{0x3c1b10,0x2ce068},
{0x3c1b18,0x254114},
{0x3c1b20,0x254290},
{0x3c1b28,0x25440c},
{0x3c1b30,0x254594},
{0x3c1b38,0x259c44},
{0x3c1b40,0x24de60},
{0x3c1b48,0x2c5c6c},
{0x3c1b50,0x277228},
{0x3c1b58,0x2c5f9c},
{0x3c1b60,0x255774},
{0x3c1b68,0x255a58},
{0x3c1b70,0x255ed4},
{0x3c1b78,0x256a3c},
{0x3c1b80,0x257660},
{0x3c1b88,0x2577c0},
{0x3c1b90,0x2cd930},
{0x3c1b98,0x2c5ec4},
{0x3c1ba0,0x2d3900},
{0x3c1ba8,0x258778},
{0x3c1bb0,0x2779e8},
{0x3c1bb8,0x2779fc},
{0x3c1bc0,0x2775b8},
{0x3c1bc8,0x2ce464},
{0x3c1bd0,0x277230},
{0x3c1bd8,0x257c18},
{0x3c1be0,0x2e0fec},
{0x3c1be8,0x254b9c},
{0x3c1bf0,0x258d5c},
{0x3c1c00,0x28b368},
{0x3c1c08,0x259124},
{0x3c1c10,0x2593e4},
{0x3c1c18,0x276990},
{0x3c1c20,0x29c9a0},
{0x3c1c28,0x271264},
{0x3c1c30,0x2712e0},
{0x3c1c38,0x25b308},
{0x3c1c40,0x25b4fc},
{0x3c1c48,0x25b7e0},
{0x3c1c50,0x25bc5c},
{0x3c1c58,0x25c8a8},
{0x3c1c60,0x2633c4},
{0x3c1c68,0x2cb364},
{0x3c1c70,0x261b6c},
{0x3c1c78,0x25f9c8},
{0x3c1c80,0x25fb10},
{0x3c1c88,0x2d4dc8},
{0x3c1c90,0x2d4bd8},
{0x3c1c98,0x2d4aa4},
{0x3c1ca0,0x25c9e0},
{0x3c1ca8,0x25d8b8},
{0x3c1cb0,0x25d9a8},
{0x3c1cb8,0x261c84},
{0x3c1cc0,0x261b28},
{0x3c1cc8,0x25e7d8},
{0x3c1cd0,0x35b51c},
{0x3c1cd8,0x262ab0},
{0x3c1ce0,0x263bb8},
{0x3c1ce8,0x260564},
{0x3c1cf0,0x260694},
{0x3c1cf8,0x261dc4},
{0x3c1d00,0x261ed0},
{0x3c1d08,0x262258},
{0x3c1d10,0x2cc5bc},
{0x3c1d18,0x2777f4},
{0x3c1d20,0x2cb3bc},
{0x3c1d28,0x2cc954},
{0x3c1d30,0x2cc610},
{0x3c1d38,0x2cb704},
{0x3c1d40,0x2cc98c},
{0x3c1d48,0x2625ec},
{0x3c1d50,0x2cc5c4},
{0x3c1d58,0x262fd0},
{0x3c1d60,0x2e0f74},
{0x3c1d68,0x2cb054},
{0x3c1d70,0x2cc9c4},
{0x3c1d78,0x2e0f7c},
{0x3c1d80,0x2637e0},
{0x3c1d88,0x25a72c},
{0x3c1d90,0x264ab0},
{0x3c1d98,0x264d94},
{0x3c1da0,0x266800},
{0x3c1da8,0x266960},
{0x3c1db0,0x265210},
{0x3c1db8,0x266ac0},
{0x3c1dc0,0x263e24},
{0x3c1dc8,0x267f78},
{0x3c1dd0,0x268240},
{0x3c1dd8,0x26d168},
{0x3c1de0,0x2694b8},
{0x3c1de8,0x26912c},
{0x3c1df0,0x2cdf08},
{0x3c1df8,0x2d38e8},
{0x3c1e00,0x2771a8},
{0x3c1e08,0x26e364},
{0x3c1e10,0x26e1b8},
{0x3c1e18,0x26ba60},
{0x3c1e20,0x29c1f4},
{0x3c1e28,0x26bd20},
{0x3c1e30,0x269534},
{0x3c1e38,0x2778a8},
{0x3c1e40,0x2695fc},
{0x3c1e48,0x26e628},
{0x3c1e50,0x26a040},
{0x3c1e58,0x278110},
{0x3c1e60,0x2d2dac},
{0x3c1e68,0x277208},
{0x3c1e70,0x26aa00},
{0x3c1e78,0x26aea8},
{0x3c1e80,0x26cf38},
{0x3c1e88,0x277200},
{0x3c1e90,0x2e0fb0},
{0x3c1e98,0x2771f0},
{0x3c1ea0,0x2771c8},
{0x3c1ea8,0x26b72c},
{0x3c1eb0,0x2d2c64},
{0x3c1eb8,0x2d2d24},
{0x3c1ec0,0x277210},
{0x3c1ec8,0x26cfb0},
{0x3c1ed0,0x267d04},
{0x3c1ed8,0x26f040},
{0x3c1ee0,0x26f11c},
{0x3c1ee8,0x270ad4},
{0x3c1ef0,0x270bec},
{0x3c1ef8,0x271a34},
{0x3c1f00,0x276d68},
{0x3c1f08,0x27777c},
{0x3c1f10,0x273bc4},
{0x3c1f18,0x2745f8},
{0x3c1f20,0x276c84},
{0x3c1f28,0x2e1384},
{0x3c1f30,0x274484},
{0x3c1f38,0x2a1624},
{0x3c1f40,0x27278c},
{0x3c1f48,0x2e1af4},
{0x3c1f50,0x2e103c},
{0x3c1f58,0x2e1a44},
{0x3c1f60,0x273fdc},
{0x3c1f68,0x2747f0},
{0x3c1f70,0x274b10},
{0x3c1f78,0x274c2c},
{0x3c1f80,0x274da0},
{0x3c1f88,0x275578},
{0x3c1f90,0x36f280},
{0x3c1f98,0x2766d4},
{0x3c1fa8,0x2ea30c},
{0x3c1fb0,0x2ea530},
{0x3c1fb8,0x2ea68c},
{0x3c1fc0,0x2edd18},
{0x3c1fc8,0x2ead2c},
{0x3c1fd0,0x2eada0},
{0x3c1fd8,0x2eaeb4},
{0x3c1fe0,0x2eaf60},
{0x3c1fe8,0x2eaf74},
{0x3c1ff0,0x2eafac},
{0x3c1ff8,0x2eb050},
{0x3c2000,0x2ed428},
{0x3c2008,0x2ed498},
{0x3c2010,0x2edd90},
{0x3c2018,0x2ede24},
{0x3c2020,0x2edeb0},
{0x3c2028,0x2edf04},
{0x3c2030,0x2eeef8},
{0x3c2038,0x2eeb9c},
{0x3c2040,0x2ee910},
{0x3c2048,0x2ee980},
{0x3c2050,0x2eec58},
{0x3c2058,0x2ef0dc},
{0x3c2060,0x2ef104},
{0x3c2068,0x2ef7c0},
{0x3c2070,0x2ef824},
{0x3c2078,0x2ef9d4},
{0x3c2080,0x2efc3c},
{0x3c2088,0x2f0440},
{0x3c2090,0x2f0c40},
{0x3c2098,0x2f1034},
{0x3c20a0,0x2f1588},
{0x3c20a8,0x2f1798},
{0x3c20b0,0x2f1f64},
{0x3c20b8,0x2f204c},
{0x3c20c0,0x2f23fc},
{0x3c20c8,0x2f2bec},
{0x3c20d0,0x2f2f70},
{0x3c20d8,0x2f3364},
{0x3c20e0,0x2f5938},
{0x3c20e8,0x2f5e70},
{0x3c20f0,0x2f5ed0},
{0x3c20f8,0x35160c},
{0x3c2100,0x351620},
{0x3c2108,0x351634},
{0x3c2110,0x351e90},
{0x3c2118,0x35288c},
{0x3c2120,0x2f7c88},
{0x3c2128,0x2f7dcc},
{0x3c2130,0x2f7fb0},
{0x3c2138,0x310b50},
{0x3c2140,0x328eb8},
{0x3c2148,0x329610},
{0x3c2150,0x32cdd8},
{0x3c2158,0x35e228},
{0x3c2160,0x35e54c},
{0x3c2168,0x361350},
{0x3c2170,0x36148c},
{0x3c2178,0x3614b8},
{0x3c2180,0x361528},
{0x3c2188,0x275c60},
{0x3c2198,0x28bc4c},
{0x3c21a0,0x28bc28},
{0x3c21a8,0x28bc20},
{0x3c21b8,0x28bc30},
{0x3c21f0,0x275ee0},
{0x3c21f8,0x275c4c},
{0x3c2200,0x2761d8},
{0x3c2208,0x276464},
{0x3c2210,0x2763f0},
{0x3c2218,0x2765ec},
{0x3c2220,0x276678},
{0x3c2228,0x27663c},
{0x3c2230,0x276680},
{0x3c2238,0x276824},
{0x3c2240,0x276780},
{0x3c2248,0x2be6a0},
{0x3c2250,0x277414},
{0x3c2258,0x2be560},
{0x3c2260,0x2a16ac},
{0x3c2268,0x278280},
{0x3c2270,0x2e3774},
{0x3c2278,0x2e3870},
{0x3c2280,0x2797c4},
{0x3c2288,0x2799c8},
{0x3c2290,0x2799fc},
{0x3c2298,0x279a0c},
{0x3c22a0,0x27b144},
{0x3c22a8,0x279b44},
{0x3c22b0,0x27b248},
{0x3c22b8,0x279c60},
{0x3c22c0,0x27a6b4},
{0x3c22c8,0x377e18},
{0x3c22d0,0x377e34},
{0x3c22d8,0x27ac90},
{0x3c22e0,0x37a4cc},
{0x3c22e8,0x377fd4},
{0x3c22f0,0x3781c4},
{0x3c22f8,0x3780c0},
{0x3c2300,0x279910},
{0x3c2318,0x27b394},
{0x3c2320,0x27b34c},
{0x3c2330,0x27b97c},
{0x3c2338,0x27c6c8},
{0x3c2380,0x27c944},
{0x3c2388,0x27cca8},
{0x3c23a8,0x37f440},
{0x3c23d8,0x27d430},
{0x3c23e0,0x27d85c},
{0x3c23e8,0x27d86c},
{0x3c23f0,0x2a0130},
{0x3c2400,0x2a0554},
{0x3c2408,0x27e164},
{0x3c2410,0x27e560},
{0x3c2418,0x382ae8},
{0x3c2420,0x27eb74},
{0x3c2428,0x281408},
{0x3c2430,0x27f030},
{0x3c2460,0x27fda4},
{0x3c2468,0x280b70},
{0x3c2470,0x280aa0},
{0x3c2478,0x2810ec},
{0x3c2480,0x281858},
{0x3c2490,0x281a78},
{0x3c2498,0x36c740},
{0x3c24a0,0x36e990},
{0x3c24a8,0x282b70},
{0x3c24b0,0x287b44},
{0x3c24b8,0x28a664},
{0x3c24c0,0x28ab94},
{0x3c24c8,0x28adbc},
{0x3c24d0,0x28a7bc},
{0x3c24d8,0x289894},
{0x3c24e0,0x377ec4},
{0x3c24e8,0x377e98},
{0x3c24f0,0x282a90},
{0x3c24f8,0x289134},
{0x3c2500,0x2892f8},
{0x3c2508,0x2894bc},
{0x3c2510,0x37804c},
{0x3c2518,0x378b58},
{0x3c2520,0x378a68},
{0x3c2528,0x28a9f0},
{0x3c2530,0x289ed4},
{0x3c2538,0x289fdc},
{0x3c2540,0x28b038},
{0x3c2548,0x28a8ec},
{0x3c2550,0x28acb8},
{0x3c2558,0x28aee0},
{0x3c2560,0x28bd1c},
{0x3c2568,0x28b6a4},
{0x3c2570,0x28be9c},
{0x3c2578,0x28b724},
{0x3c2580,0x28b7cc},
{0x3c25c0,0x28bfc0},
{0x3c25c8,0x29d338},
{0x3c25d0,0x2966f8},
{0x3c25d8,0x29d850},
{0x3c25e0,0x2967ec},
{0x3c25e8,0x296834},
{0x3c25f0,0x296ac0},
{0x3c25f8,0x296c2c},
{0x3c2600,0x296c98},
{0x3c2608,0x296cdc},
{0x3c2620,0x297a00},
{0x3c2628,0x38077c},
{0x3c2630,0x297fa4},
{0x3c2638,0x298354},
{0x3c2640,0x298a08},
{0x3c2648,0x299244},
{0x3c2650,0x297cec},
{0x3c2658,0x297e44},
{0x3c2660,0x299560},
{0x3c2668,0x3794b0},
{0x3c2670,0x379510},
{0x3c2678,0x381d1c},
{0x3c2680,0x381d68},
{0x3c2688,0x3799a0},
{0x3c2690,0x377cc0},
{0x3c2698,0x2997dc},
{0x3c26a0,0x29e71c},
{0x3c26a8,0x2996cc},
{0x3c26b0,0x299764},
{0x3c26b8,0x37a23c},
{0x3c26c0,0x379b94},
{0x3c26c8,0x29e944},
{0x3c26d0,0x29ea48},
{0x3c26d8,0x29a17c},
{0x3c26e0,0x29c164},
{0x3c26e8,0x29c1b4},
{0x3c26f0,0x29ec74},
{0x3c2700,0x29ed78},
{0x3c2708,0x29ee7c},
{0x3c2710,0x29ef80},
{0x3c2718,0x29eb70},
{0x3c2720,0x29f16c},
{0x3c2728,0x29d460},
{0x3c2730,0x29d74c},
{0x3c2738,0x29d954},
{0x3c2740,0x29dc48},
{0x3c2748,0x29e114},
{0x3c2750,0x29e290},
{0x3c2758,0x29e40c},
{0x3c2760,0x29e594},
{0x3c2768,0x29e840},
{0x3c2778,0x2c880c},
{0x3c2780,0x2e1b70},
{0x3c2788,0x35b848},
{0x3c2790,0x35b5f8},
{0x3c2798,0x2a01e4},
{0x3c27a0,0x2a0368},
{0x3c27a8,0x35cdac},
{0x3c27b0,0x35ce64},
{0x3c27b8,0x2e609c},
{0x3c27c0,0x2a12b4},
{0x3c27c8,0x2c88a4},
{0x3c27d0,0x2c9390},
{0x3c27d8,0x2a1f18},
{0x3c27e0,0x2a1b80},
{0x3c27e8,0x2c9340},
{0x3c27f0,0x2a1cc4},
{0x3c27f8,0x2a51c8},
{0x3c2800,0x2a54d4},
{0x3c2808,0x2a5a2c},
{0x3c2810,0x2a5db8},
{0x3c2818,0x2bcf20},
{0x3c2820,0x2bcfa4},
{0x3c2828,0x2bd298},
{0x3c2830,0x2bd9d0},
{0x3c2838,0x2bdb54},
{0x3c2840,0x2bdcb0},
{0x3c2848,0x2be414},
{0x3c2850,0x2be444},
{0x3c2858,0x2be464},
{0x3c2860,0x2be488},
{0x3c2868,0x2be4ac},
{0x3c2870,0x2be4d0},
{0x3c2878,0x2be500},
{0x3c2880,0x2be530},
{0x3c2888,0x2bce48},
{0x3c2890,0x2bce78},
{0x3c28a0,0x2a8794},
{0x3c28b8,0x2bcacc},
{0x3c28c0,0x3741b0},
{0x3c2a98,0x2e4f78},
{0x3c2ab0,0x2bbcc8},
{0x3c2be8,0x2b94fc},
{0x3c2c70,0x2e572c},
{0x3c2ce0,0x2ba27c},
{0x3c2d08,0x3741bc},
{0x3c2d10,0x2be5f0},
{0x3c2d18,0x2befc8},
{0x3c2d20,0x2bef8c},
{0x3c2d28,0x2bfc40},
{0x3c2d30,0x2bfe04},
{0x3c2d38,0x2c0340},
{0x3c2d40,0x2c0474},
{0x3c2d48,0x2d07dc},
{0x3c2d50,0x2c2990},
{0x3c2d58,0x2c0fb0},
{0x3c2d60,0x2c1130},
{0x3c2d68,0x2c1424},
{0x3c2d70,0x2c18ec},
{0x3c2d78,0x2c1e70},
{0x3c2d80,0x2e5330},
{0x3c2d88,0x2c2bbc},
{0x3c2d90,0x2c36fc},
{0x3c2d98,0x2c50f0},
{0x3c2da0,0x2c3114},
{0x3c2da8,0x2c33fc},
{0x3c2db0,0x2c3828},
{0x3c2db8,0x2c3ef4},
{0x3c2dc0,0x2c405c},
{0x3c2dc8,0x2c43d8},
{0x3c2dd0,0x2c44b0},
{0x3c2dd8,0x2c4f48},
{0x3c2de0,0x2c54d0},
{0x3c2de8,0x2c5700},
{0x3c2df0,0x2c58f8},
{0x3c2df8,0x2d2890},
{0x3c2e00,0x37177c},
{0x3c2e08,0x2d2a04},
{0x3c2e10,0x371a40},
{0x3c2e18,0x2c602c},
{0x3c2e20,0x2d33a0},
{0x3c2e30,0x371f94},
{0x3c2e38,0x372018},
{0x3c2e48,0x2d2db4},
{0x3c2e50,0x2d38f0},
{0x3c2e58,0x2c6e74},
{0x3c2e60,0x2c7d68},
{0x3c2e68,0x2c7b70},
{0x3c2e70,0x372068},
{0x3c2e78,0x371948},
{0x3c2e80,0x2c8674},
{0x3c2e88,0x2c8910},
{0x3c2e90,0x2c9428},
{0x3c2e98,0x2cd8a4},
{0x3c2ea0,0x2ca3b8},
{0x3c2ea8,0x2ca7dc},
{0x3c2eb0,0x2ca8e0},
{0x3c2eb8,0x2ca9e4},
{0x3c2ec0,0x2c9ca0},
{0x3c2ec8,0x2c9dc4},
{0x3c2ed0,0x2c9eec},
{0x3c2ed8,0x2ca1d8},
{0x3c2ee0,0x2cc7f8},
{0x3c2ee8,0x2cb858},
{0x3c2ef0,0x2d0898},
{0x3c2ef8,0x2d0890},
{0x3c2f00,0x2cbc38},
{0x3c2f08,0x2ccf24},
{0x3c2f10,0x2cd0a4},
{0x3c2f18,0x35cc0c},
{0x3c2f20,0x35c4e8},
{0x3c2f28,0x2cd2d4},
{0x3c2f30,0x2cd3c8},
{0x3c2f38,0x2cd3cc},
{0x3c2f40,0x35cda4},
{0x3c2f48,0x35cc14},
{0x3c2f50,0x2cdd10},
{0x3c2f58,0x2cf2c8},
{0x3c2f60,0x2cf43c},
{0x3c2f68,0x2cf8c8},
{0x3c2f70,0x2d032c},
{0x3c2f78,0x2d0f34},
{0x3c2f80,0x2d1764},
{0x3c2f88,0x2d3144},
{0x3c2f90,0x2e8130},
{0x3c2f98,0x36f3d4},
{0x3c2fa0,0x2e8cf0},
{0x3c2fa8,0x2df854},
{0x3c2fb0,0x2dfb64},
{0x3c2fb8,0x2e05fc},
{0x3c2fc0,0x2e0638},
{0x3c2fc8,0x2e0c08},
{0x3c2fd0,0x2e0d38},
{0x3c2fd8,0x2e0e68},
{0x3c2fe0,0x2df2b4},
{0x3c2ff0,0x2d45b4},
{0x3c2ff8,0x2d47b0},
{0x3c3000,0x36c77c},
{0x3c3008,0x2d4e94},
{0x3c3010,0x2d58ec},
{0x3c3018,0x2d6e2c},
{0x3c3020,0x2d755c},
{0x3c3028,0x2d9d00},
{0x3c3030,0x2d9e30},
{0x3c3038,0x2d9f74},
{0x3c3040,0x2da11c},
{0x3c3048,0x2da5fc},
{0x3c3050,0x2da7d0},
{0x3c3060,0x2dd5f4},
{0x3c3068,0x2deda8},
{0x3c3070,0x2e86f0},
{0x3c3078,0x36f410},
{0x3c3088,0x2e12c4},
{0x3c3090,0x2e1664},
{0x3c3098,0x2e19bc},
{0x3c30c0,0x2e3990},
{0x3c30c8,0x2e3988},
{0x3c30d8,0x2e3a08},
{0x3c30e0,0x35b220},
{0x3c3100,0x2e5b58},
{0x3c3108,0x2e56d8},
{0x3c3110,0x2e55b0},
{0x3c3118,0x2e2e7c},
{0x3c3120,0x2e4ef4},
{0x3c3138,0x2e5acc},
{0x3c3140,0x2e2d50},
{0x3c3148,0x2e2d68},
{0x3c3150,0x2e3144},
{0x3c3158,0x2e32c0},
{0x3c3160,0x2e343c},
{0x3c3168,0x2e35c4},
{0x3c3170,0x374498},
{0x3c3260,0x2e5dd4},
{0x3c3268,0x2e5e6c},
{0x3c3270,0x2e6fec},
{0x3c3278,0x2e64c0},
{0x3c3280,0x2e79cc},
{0x3c3288,0x2e7228},
{0x3c3290,0x2e69c4},
{0x3c3298,0x2e6af8},
{0x3c32a0,0x2e70d4},
{0x3c32a8,0x2e9914},
{0x3c32b0,0x2e62b0},
{0x3c32b8,0x2e9b7c},
{0x3c32c0,0x35ba00},
{0x3c32c8,0x2e6fd4},
{0x3c32d0,0x2e76b8},
{0x3c32d8,0x2e5d08},
{0x3c32e8,0x36f0e0},
{0x3c32f0,0x2e88c8},
{0x3c32f8,0x2ea178},
{0x3c3300,0x2e9a0c},
{0x3c3308,0x2e9ca8},
{0x3c3378,0x35ad64},
{0x3c3380,0x35b2d4},
{0x3c3390,0x369e44},
{0x3c3398,0x35d8c4},
{0x3c33a0,0x36a5dc},
{0x3c33a8,0x35d794},
{0x3c33b0,0x35de4c},
{0x3c33b8,0x35e0a4},
{0x3c33c0,0x35e0d4},
{0x3c33c8,0x35e104},
{0x3c33d0,0x35e134},
{0x3c33d8,0x369ffc},
{0x3c33e0,0x35c240},
{0x3c33e8,0x35d848},
{0x3c33f0,0x35d890},
{0x3c33f8,0x35ddc4},
{0x3c3400,0x35db84},
{0x3c3408,0x36a314},
{0x3c3410,0x35e01c},
{0x3c3418,0x36a840},
{0x3c3420,0x35bde8},
{0x3c3428,0x35d228},
{0x3c3430,0x35d434},
{0x3c3438,0x35e164},
{0x3c3440,0x35dfd4},
{0x3c3448,0x35e204},
{0x3c3450,0x36aa44},
{0x3c3458,0x36ab3c},
{0x3c3460,0x36a928},
{0x3c3468,0x35d7c4},
{0x3c3470,0x35d320},
{0x3c3478,0x35d560},
{0x3c3480,0x369b20},
{0x3c3488,0x35d8f0},
{0x3c34d8,0x36aebc},
{0x3c34e0,0x36b4d4},
{0x3c34e8,0x36a1e8},
{0x3c34f0,0x36ac78},
{0x3c34f8,0x36ab44},
{0x3c3510,0x36ea5c},
{0x3c3520,0x36ec2c},
{0x3c3548,0x36d750},
{0x3c3570,0x36ef98},
{0x3c3588,0x371174},
{0x3c3590,0x3712f0},
{0x3c3598,0x37146c},
{0x3c35a0,0x3715f4},
{0x3c35a8,0x37183c},
{0x3c35b8,0x37254c},
{0x3c35c0,0x37271c},
{0x3c35c8,0x373578},
{0x3c35d0,0x373730},
{0x3c35d8,0x3756a8},
{0x3c35e0,0x373d40},
{0x3c35e8,0x373fd0},
{0x3c35f0,0x3757bc},
{0x3c35f8,0x376ae8},
{0x3c3600,0x376b88},
{0x3c3610,0x37709c},
{0x3c3618,0x376fa4},
{0x3c3620,0x3779ac},
{0x3c3630,0x377c9c},
{0x3c3638,0x377c94},
{0x3c3640,0x381cd8},
{0x3c3648,0x381f78},
{0x3c3650,0x38228c},
{0x3c3658,0x3802c8},
{0x3c3660,0x37b240},
{0x3c3668,0x37b3e8},
{0x3c3670,0x37b588},
{0x3c3678,0x37b738},
{0x3c3680,0x37ca90},
{0x3c3688,0x382604},
{0x3c3690,0x37f7d0},
{0x3c3698,0x377b94},
{0x3c36a0,0x377bac},
{0x3c36a8,0x380b80},
{0x3c36b0,0x380cf8},
{0x3c36b8,0x380e5c},
{0x3c36c0,0x380fd4},
{0x3c36c8,0x381138},
{0x3c36d0,0x381364},
{0x3c36d8,0x381684},
{0x3c36e0,0x3817fc},
{0x3c36e8,0x382480},
{0x3c36f0,0x38273c},
{0x3c36f8,0x3828b0},
{0x3c3730,0x383f24},
{0x3c3738,0x377b70},
{0x3c3750,0x384c94},
{0x3c3760,0x384ae4},
{0x3c3768,0x3854ec},
{0x3c3770,0x385e50},
{0x3c3778,0x385534},
{0x3c3780,0x386174},
{0x3c3788,0x384dcc},
{0x3c3790,0x3863b4},
{0x3c3798,0x3852a0},
{0x3c37a0,0x384a64},
{0x3c37b8,0x38b048},
{0x3c37c0,0x384dfc},
{0x3c37c8,0x384b08},
{0x3c37d0,0x38bb54},
{0x3c37d8,0x384b14},
};
